home_team,away_team,home_times,away_times,home_win,away_win,home_goals,away_goals,home_r_win,away_r_win,home_Ave_goal,away_Ave_goal,result
France,Mexico,61,54,35,22,108,58,0.5737704918032787,0.4074074074074074,1.7704918032786885,1.0740740740740742,1
USA,Belgium,34,43,12,21,38,54,0.3529411764705882,0.4883720930232558,1.1176470588235294,1.255813953488372,1
Yugoslavia,Brazil,37,108,21,75,60,225,0.5675675675675675,0.6944444444444444,1.6216216216216215,2.083333333333333,1
Romania,Peru,21,15,11,6,30,19,0.5238095238095238,0.4,1.4285714285714286,1.2666666666666666,1
Argentina,France,81,61,54,35,133,108,0.6666666666666666,0.5737704918032787,1.6419753086419753,1.7704918032786885,1
Chile,Mexico,34,54,16,22,41,58,0.4705882352941176,0.4074074074074074,1.2058823529411764,1.0740740740740742,1
Yugoslavia,Bolivia,37,6,21,1,60,1,0.5675675675675675,0.1666666666666666,1.6216216216216215,0.1666666666666666,1
USA,Paraguay,34,27,12,11,38,30,0.3529411764705882,0.4074074074074074,1.1176470588235294,1.1111111111111112,1
Uruguay,Peru,52,15,25,6,80,19,0.4807692307692308,0.4,1.5384615384615383,1.2666666666666666,1
Chile,France,34,61,16,35,41,108,0.4705882352941176,0.5737704918032787,1.2058823529411764,1.7704918032786885,1
Argentina,Mexico,81,54,54,22,133,58,0.6666666666666666,0.4074074074074074,1.6419753086419753,1.0740740740740742,1
Brazil,Bolivia,108,6,75,1,225,1,0.6944444444444444,0.1666666666666666,2.083333333333333,0.1666666666666666,1
Paraguay,Belgium,27,43,11,21,30,54,0.4074074074074074,0.4883720930232558,1.1111111111111112,1.255813953488372,1
Uruguay,Romania,52,21,25,11,80,30,0.4807692307692308,0.5238095238095238,1.5384615384615383,1.4285714285714286,1
Argentina,Chile,81,34,54,16,133,41,0.6666666666666666,0.4705882352941176,1.6419753086419753,1.2058823529411764,1
Argentina,USA,81,34,54,12,133,38,0.6666666666666666,0.3529411764705882,1.6419753086419753,1.1176470588235294,1
Uruguay,Yugoslavia,52,37,25,21,80,60,0.4807692307692308,0.5675675675675675,1.5384615384615383,1.6216216216216215,1
Uruguay,Argentina,52,81,25,54,80,133,0.4807692307692308,0.6666666666666666,1.5384615384615383,1.6419753086419753,1
Austria,France,29,61,15,35,43,108,0.5172413793103449,0.5737704918032787,1.4827586206896552,1.7704918032786885,1
Switzerland,Netherlands,34,54,14,33,45,91,0.4117647058823529,0.6111111111111112,1.3235294117647058,1.6851851851851851,1
Sweden,Argentina,46,81,22,54,74,133,0.4782608695652174,0.6666666666666666,1.608695652173913,1.6419753086419753,1
Germany,Belgium,48,43,35,21,104,54,0.7291666666666666,0.4883720930232558,2.1666666666666665,1.255813953488372,1
Spain,Brazil,59,108,34,75,92,225,0.576271186440678,0.6944444444444444,1.5593220338983051,2.083333333333333,1
Italy,USA,83,34,52,12,128,38,0.6265060240963856,0.3529411764705882,1.5421686746987953,1.1176470588235294,1
Czechoslovakia,Romania,30,21,15,11,44,30,0.5,0.5238095238095238,1.4666666666666666,1.4285714285714286,1
Czechoslovakia,Switzerland,30,34,15,14,44,45,0.5,0.4117647058823529,1.4666666666666666,1.3235294117647058,1
Germany,Sweden,48,46,35,22,104,74,0.7291666666666666,0.4782608695652174,2.1666666666666665,1.608695652173913,1
Italy,Spain,83,59,52,34,128,92,0.6265060240963856,0.576271186440678,1.5421686746987953,1.5593220338983051,0
Austria,Hungary,29,32,15,16,43,87,0.5172413793103449,0.5,1.4827586206896552,2.71875,1
Italy,Spain,83,59,52,34,128,92,0.6265060240963856,0.576271186440678,1.5421686746987953,1.5593220338983051,1
Italy,Austria,83,29,52,15,128,43,0.6265060240963856,0.5172413793103449,1.5421686746987953,1.4827586206896552,1
Czechoslovakia,Germany,30,48,15,35,44,104,0.5,0.7291666666666666,1.4666666666666666,2.1666666666666665,1
Germany,Austria,48,29,35,15,104,43,0.7291666666666666,0.5172413793103449,2.1666666666666665,1.4827586206896552,1
Italy,Czechoslovakia,83,30,52,15,128,44,0.6265060240963856,0.5,1.5421686746987953,1.4666666666666666,1
Switzerland,Germany,34,48,14,35,45,104,0.4117647058823529,0.7291666666666666,1.3235294117647058,2.1666666666666665,0
France,Belgium,61,43,35,21,108,54,0.5737704918032787,0.4883720930232558,1.7704918032786885,1.255813953488372,1
Cuba,Romania,3,21,1,11,5,30,0.3333333333333333,0.5238095238095238,1.6666666666666667,1.4285714285714286,0
Italy,Norway,83,8,52,5,128,7,0.6265060240963856,0.625,1.5421686746987953,0.875,1
Brazil,Poland,108,31,75,18,225,44,0.6944444444444444,0.5806451612903226,2.083333333333333,1.4193548387096775,1
Czechoslovakia,Netherlands,30,54,15,33,44,91,0.5,0.6111111111111112,1.4666666666666666,1.6851851851851851,1
Cuba,Romania,3,21,1,11,5,30,0.3333333333333333,0.5238095238095238,1.6666666666666667,1.4285714285714286,1
Switzerland,Germany,34,48,14,35,45,104,0.4117647058823529,0.7291666666666666,1.3235294117647058,2.1666666666666665,1
Brazil,Czechoslovakia,108,30,75,15,225,44,0.6944444444444444,0.5,2.083333333333333,1.4666666666666666,0
Hungary,Switzerland,32,34,16,14,87,45,0.5,0.4117647058823529,2.71875,1.3235294117647058,1
Sweden,Cuba,46,3,22,1,74,5,0.4782608695652174,0.3333333333333333,1.608695652173913,1.6666666666666667,1
Italy,France,83,61,52,35,128,108,0.6265060240963856,0.5737704918032787,1.5421686746987953,1.7704918032786885,1
Brazil,Czechoslovakia,108,30,75,15,225,44,0.6944444444444444,0.5,2.083333333333333,1.4666666666666666,1
Hungary,Sweden,32,46,16,22,87,74,0.5,0.4782608695652174,2.71875,1.608695652173913,1
Italy,Brazil,83,108,52,75,128,225,0.6265060240963856,0.6944444444444444,1.5421686746987953,2.083333333333333,1
Brazil,Sweden,108,46,75,22,225,74,0.6944444444444444,0.4782608695652174,2.083333333333333,1.608695652173913,1
Italy,Hungary,83,32,52,16,128,87,0.6265060240963856,0.5,1.5421686746987953,2.71875,1
Brazil,Mexico,108,54,75,22,225,58,0.6944444444444444,0.4074074074074074,2.083333333333333,1.0740740740740742,1
England,Chile,62,34,35,16,79,41,0.5645161290322581,0.4705882352941176,1.2741935483870968,1.2058823529411764,1
Spain,USA,59,34,34,12,92,38,0.576271186440678,0.3529411764705882,1.5593220338983051,1.1176470588235294,1
Sweden,Italy,46,83,22,52,74,128,0.4782608695652174,0.6265060240963856,1.608695652173913,1.5421686746987953,1
Yugoslavia,Switzerland,37,34,21,14,60,45,0.5675675675675675,0.4117647058823529,1.6216216216216215,1.3235294117647058,1
Brazil,Switzerland,108,34,75,14,225,45,0.6944444444444444,0.4117647058823529,2.083333333333333,1.3235294117647058,0
Yugoslavia,Mexico,37,54,21,22,60,58,0.5675675675675675,0.4074074074074074,1.6216216216216215,1.0740740740740742,1
Spain,Chile,59,34,34,16,92,41,0.576271186440678,0.4705882352941176,1.5593220338983051,1.2058823529411764,1
Sweden,Paraguay,46,27,22,11,74,30,0.4782608695652174,0.4074074074074074,1.608695652173913,1.1111111111111112,0
USA,England,34,62,12,35,38,79,0.3529411764705882,0.5645161290322581,1.1176470588235294,1.2741935483870968,1
Brazil,Yugoslavia,108,37,75,21,225,60,0.6944444444444444,0.5675675675675675,2.083333333333333,1.6216216216216215,1
Spain,England,59,62,34,35,92,79,0.576271186440678,0.5645161290322581,1.5593220338983051,1.2741935483870968,1
Italy,Paraguay,83,27,52,11,128,30,0.6265060240963856,0.4074074074074074,1.5421686746987953,1.1111111111111112,1
Uruguay,Bolivia,52,6,25,1,80,1,0.4807692307692308,0.1666666666666666,1.5384615384615383,0.1666666666666666,1
Switzerland,Mexico,34,54,14,22,45,58,0.4117647058823529,0.4074074074074074,1.3235294117647058,1.0740740740740742,1
Chile,USA,34,34,16,12,41,38,0.4705882352941176,0.3529411764705882,1.2058823529411764,1.1176470588235294,1
Uruguay,Spain,52,59,25,34,80,92,0.4807692307692308,0.576271186440678,1.5384615384615383,1.5593220338983051,0
Brazil,Sweden,108,46,75,22,225,74,0.6944444444444444,0.4782608695652174,2.083333333333333,1.608695652173913,1
Brazil,Spain,108,59,75,34,225,92,0.6944444444444444,0.576271186440678,2.083333333333333,1.5593220338983051,1
Uruguay,Sweden,52,46,25,22,80,74,0.4807692307692308,0.4782608695652174,1.5384615384615383,1.608695652173913,1
Sweden,Spain,46,59,22,34,74,92,0.4782608695652174,0.576271186440678,1.608695652173913,1.5593220338983051,1
Uruguay,Brazil,52,108,25,75,80,225,0.4807692307692308,0.6944444444444444,1.5384615384615383,2.083333333333333,1
Uruguay,Czechoslovakia,52,30,25,15,80,44,0.4807692307692308,0.5,1.5384615384615383,1.4666666666666666,1
Austria,Scotland,29,23,15,6,43,25,0.5172413793103449,0.2608695652173913,1.4827586206896552,1.0869565217391304,1
Brazil,Mexico,108,54,75,22,225,58,0.6944444444444444,0.4074074074074074,2.083333333333333,1.0740740740740742,1
Yugoslavia,France,37,61,21,35,60,108,0.5675675675675675,0.5737704918032787,1.6216216216216215,1.7704918032786885,1
Germany FR,Turkey,62,10,37,6,131,20,0.5967741935483871,0.6,2.1129032258064515,2.0,1
Hungary,Korea Republic,32,31,16,11,87,31,0.5,0.3548387096774194,2.71875,1.0,1
England,Belgium,62,43,35,21,79,54,0.5645161290322581,0.4883720930232558,1.2741935483870968,1.255813953488372,0
Switzerland,Italy,34,83,14,52,45,128,0.4117647058823529,0.6265060240963856,1.3235294117647058,1.5421686746987953,1
Uruguay,Scotland,52,23,25,6,80,25,0.4807692307692308,0.2608695652173913,1.5384615384615383,1.0869565217391304,1
Austria,Czechoslovakia,29,30,15,15,43,44,0.5172413793103449,0.5,1.4827586206896552,1.4666666666666666,1
France,Mexico,61,54,35,22,108,58,0.5737704918032787,0.4074074074074074,1.7704918032786885,1.0740740740740742,1
Brazil,Yugoslavia,108,37,75,21,225,60,0.6944444444444444,0.5675675675675675,2.083333333333333,1.6216216216216215,0
Hungary,Germany FR,32,62,16,37,87,131,0.5,0.5967741935483871,2.71875,2.1129032258064515,1
Turkey,Korea Republic,10,31,6,11,20,31,0.6,0.3548387096774194,2.0,1.0,1
England,Switzerland,62,34,35,14,79,45,0.5645161290322581,0.4117647058823529,1.2741935483870968,1.3235294117647058,1
Italy,Belgium,83,43,52,21,128,54,0.6265060240963856,0.4883720930232558,1.5421686746987953,1.255813953488372,1
Germany FR,Turkey,62,10,37,6,131,20,0.5967741935483871,0.6,2.1129032258064515,2.0,1
Switzerland,Italy,34,83,14,52,45,128,0.4117647058823529,0.6265060240963856,1.3235294117647058,1.5421686746987953,1
Uruguay,England,52,62,25,35,80,79,0.4807692307692308,0.5645161290322581,1.5384615384615383,1.2741935483870968,1
Austria,Switzerland,29,34,15,14,43,45,0.5172413793103449,0.4117647058823529,1.4827586206896552,1.3235294117647058,1
Germany FR,Yugoslavia,62,37,37,21,131,60,0.5967741935483871,0.5675675675675675,2.1129032258064515,1.6216216216216215,1
Hungary,Brazil,32,108,16,75,87,225,0.5,0.6944444444444444,2.71875,2.083333333333333,1
Germany FR,Austria,62,29,37,15,131,43,0.5967741935483871,0.5172413793103449,2.1129032258064515,1.4827586206896552,1
Hungary,Uruguay,32,52,16,25,87,80,0.5,0.4807692307692308,2.71875,1.5384615384615383,1
Austria,Uruguay,29,52,15,25,43,80,0.5172413793103449,0.4807692307692308,1.4827586206896552,1.5384615384615383,1
Germany FR,Hungary,62,32,37,16,131,87,0.5967741935483871,0.5,2.1129032258064515,2.71875,1
Sweden,Mexico,46,54,22,22,74,58,0.4782608695652174,0.4074074074074074,1.608695652173913,1.0740740740740742,1
Soviet Union,England,31,62,18,35,53,79,0.5806451612903226,0.5645161290322581,1.7096774193548387,1.2741935483870968,0
Argentina,Germany FR,81,62,54,37,133,131,0.6666666666666666,0.5967741935483871,1.6419753086419753,2.1129032258064515,0
Hungary,Wales,32,5,16,4,87,4,0.5,0.8,2.71875,0.8,0
France,Paraguay,61,27,35,11,108,30,0.5737704918032787,0.4074074074074074,1.7704918032786885,1.1111111111111112,1
Yugoslavia,Scotland,37,23,21,6,60,25,0.5675675675675675,0.2608695652173913,1.6216216216216215,1.0869565217391304,0
Brazil,Austria,108,29,75,15,225,43,0.6944444444444444,0.5172413793103449,2.083333333333333,1.4827586206896552,1
Northern Ireland,Czechoslovakia,13,30,8,15,13,44,0.6153846153846154,0.5,1.0,1.4666666666666666,1
Brazil,England,108,62,75,35,225,79,0.6944444444444444,0.5645161290322581,2.083333333333333,1.2741935483870968,0
Mexico,Wales,54,5,22,4,58,4,0.4074074074074074,0.8,1.0740740740740742,0.8,0
Paraguay,Scotland,27,23,11,6,30,25,0.4074074074074074,0.2608695652173913,1.1111111111111112,1.0869565217391304,1
Yugoslavia,France,37,61,21,35,60,108,0.5675675675675675,0.5737704918032787,1.6216216216216215,1.7704918032786885,1
Soviet Union,Austria,31,29,18,15,53,43,0.5806451612903226,0.5172413793103449,1.7096774193548387,1.4827586206896552,1
Germany FR,Czechoslovakia,62,30,37,15,131,44,0.5967741935483871,0.5,2.1129032258064515,1.4666666666666666,0
Argentina,Northern Ireland,81,13,54,8,133,13,0.6666666666666666,0.6153846153846154,1.6419753086419753,1.0,1
Sweden,Hungary,46,32,22,16,74,87,0.4782608695652174,0.5,1.608695652173913,2.71875,1
Sweden,Wales,46,5,22,4,74,4,0.4782608695652174,0.8,1.608695652173913,0.8,0
Brazil,Soviet Union,108,31,75,18,225,53,0.6944444444444444,0.5806451612903226,2.083333333333333,1.7096774193548387,1
Germany FR,Northern Ireland,62,13,37,8,131,13,0.5967741935483871,0.6153846153846154,2.1129032258064515,1.0,0
Hungary,Mexico,32,54,16,22,87,58,0.5,0.4074074074074074,2.71875,1.0740740740740742,1
Paraguay,Yugoslavia,27,37,11,21,30,60,0.4074074074074074,0.5675675675675675,1.1111111111111112,1.6216216216216215,0
France,Scotland,61,23,35,6,108,25,0.5737704918032787,0.2608695652173913,1.7704918032786885,1.0869565217391304,1
England,Austria,62,29,35,15,79,43,0.5645161290322581,0.5172413793103449,1.2741935483870968,1.4827586206896552,0
Czechoslovakia,Argentina,30,81,15,54,44,133,0.5,0.6666666666666666,1.4666666666666666,1.6419753086419753,1
Soviet Union,England,31,62,18,35,53,79,0.5806451612903226,0.5645161290322581,1.7096774193548387,1.2741935483870968,1
Northern Ireland,Czechoslovakia,13,30,8,15,13,44,0.6153846153846154,0.5,1.0,1.4666666666666666,1
Wales,Hungary,5,32,4,16,4,87,0.8,0.5,0.8,2.71875,1
Brazil,Wales,108,5,75,4,225,4,0.6944444444444444,0.8,2.083333333333333,0.8,1
Germany FR,Yugoslavia,62,37,37,21,131,60,0.5967741935483871,0.5675675675675675,2.1129032258064515,1.6216216216216215,1
Sweden,Soviet Union,46,31,22,18,74,53,0.4782608695652174,0.5806451612903226,1.608695652173913,1.7096774193548387,1
France,Northern Ireland,61,13,35,8,108,13,0.5737704918032787,0.6153846153846154,1.7704918032786885,1.0,1
Sweden,Germany FR,46,62,22,37,74,131,0.4782608695652174,0.5967741935483871,1.608695652173913,2.1129032258064515,1
Brazil,France,108,61,75,35,225,108,0.6944444444444444,0.5737704918032787,2.083333333333333,1.7704918032786885,1
France,Germany FR,61,62,35,37,108,131,0.5737704918032787,0.5967741935483871,1.7704918032786885,2.1129032258064515,1
Brazil,Sweden,108,46,75,22,225,74,0.6944444444444444,0.4782608695652174,2.083333333333333,1.608695652173913,1
Uruguay,Colombia,52,20,25,10,80,29,0.4807692307692308,0.5,1.5384615384615383,1.45,1
Brazil,Mexico,108,54,75,22,225,58,0.6944444444444444,0.4074074074074074,2.083333333333333,1.0740740740740742,1
Argentina,Bulgaria,81,26,54,8,133,22,0.6666666666666666,0.3076923076923077,1.6419753086419753,0.8461538461538461,1
Chile,Switzerland,34,34,16,14,41,45,0.4705882352941176,0.4117647058823529,1.2058823529411764,1.3235294117647058,1
Soviet Union,Yugoslavia,31,37,18,21,53,60,0.5806451612903226,0.5675675675675675,1.7096774193548387,1.6216216216216215,1
Czechoslovakia,Spain,30,59,15,34,44,92,0.5,0.576271186440678,1.4666666666666666,1.5593220338983051,1
Hungary,England,32,62,16,35,87,79,0.5,0.5645161290322581,2.71875,1.2741935483870968,1
Germany FR,Italy,62,83,37,52,131,128,0.5967741935483871,0.6265060240963856,2.1129032258064515,1.5421686746987953,0
Yugoslavia,Uruguay,37,52,21,25,60,80,0.5675675675675675,0.4807692307692308,1.6216216216216215,1.5384615384615383,1
Brazil,Czechoslovakia,108,30,75,15,225,44,0.6944444444444444,0.5,2.083333333333333,1.4666666666666666,0
England,Argentina,62,81,35,54,79,133,0.5645161290322581,0.6666666666666666,1.2741935483870968,1.6419753086419753,1
Chile,Italy,34,83,16,52,41,128,0.4705882352941176,0.6265060240963856,1.2058823529411764,1.5421686746987953,1
Soviet Union,Colombia,31,20,18,10,53,29,0.5806451612903226,0.5,1.7096774193548387,1.45,0
Spain,Mexico,59,54,34,22,92,58,0.576271186440678,0.4074074074074074,1.5593220338983051,1.0740740740740742,1
Hungary,Bulgaria,32,26,16,8,87,22,0.5,0.3076923076923077,2.71875,0.8461538461538461,1
Germany FR,Switzerland,62,34,37,14,131,45,0.5967741935483871,0.4117647058823529,2.1129032258064515,1.3235294117647058,1
Soviet Union,Uruguay,31,52,18,25,53,80,0.5806451612903226,0.4807692307692308,1.7096774193548387,1.5384615384615383,1
Brazil,Spain,108,59,75,34,225,92,0.6944444444444444,0.576271186440678,2.083333333333333,1.5593220338983051,1
Hungary,Argentina,32,81,16,54,87,133,0.5,0.6666666666666666,2.71875,1.6419753086419753,0
Germany FR,Chile,62,34,37,16,131,41,0.5967741935483871,0.4705882352941176,2.1129032258064515,1.2058823529411764,1
Yugoslavia,Colombia,37,20,21,10,60,29,0.5675675675675675,0.5,1.6216216216216215,1.45,1
Mexico,Czechoslovakia,54,30,22,15,58,44,0.4074074074074074,0.5,1.0740740740740742,1.4666666666666666,1
England,Bulgaria,62,26,35,8,79,22,0.5645161290322581,0.3076923076923077,1.2741935483870968,0.8461538461538461,0
Italy,Switzerland,83,34,52,14,128,45,0.6265060240963856,0.4117647058823529,1.5421686746987953,1.3235294117647058,1
Chile,Soviet Union,34,31,16,18,41,53,0.4705882352941176,0.5806451612903226,1.2058823529411764,1.7096774193548387,1
Brazil,England,108,62,75,35,225,79,0.6944444444444444,0.5645161290322581,2.083333333333333,1.2741935483870968,1
Czechoslovakia,Hungary,30,32,15,16,44,87,0.5,0.5,1.4666666666666666,2.71875,1
Yugoslavia,Germany FR,37,62,21,37,60,131,0.5675675675675675,0.5967741935483871,1.6216216216216215,2.1129032258064515,1
Czechoslovakia,Yugoslavia,30,37,15,21,44,60,0.5,0.5675675675675675,1.4666666666666666,1.6216216216216215,1
Brazil,Chile,108,34,75,16,225,41,0.6944444444444444,0.4705882352941176,2.083333333333333,1.2058823529411764,1
Chile,Yugoslavia,34,37,16,21,41,60,0.4705882352941176,0.5675675675675675,1.2058823529411764,1.6216216216216215,1
Brazil,Czechoslovakia,108,30,75,15,225,44,0.6944444444444444,0.5,2.083333333333333,1.4666666666666666,1
England,Uruguay,62,52,35,25,79,80,0.5645161290322581,0.4807692307692308,1.2741935483870968,1.5384615384615383,0
Germany FR,Switzerland,62,34,37,14,131,45,0.5967741935483871,0.4117647058823529,2.1129032258064515,1.3235294117647058,1
Brazil,Bulgaria,108,26,75,8,225,22,0.6944444444444444,0.3076923076923077,2.083333333333333,0.8461538461538461,1
Soviet Union,Korea DPR,31,7,18,1,53,6,0.5806451612903226,0.1428571428571428,1.7096774193548387,0.8571428571428571,1
France,Mexico,61,54,35,22,108,58,0.5737704918032787,0.4074074074074074,1.7704918032786885,1.0740740740740742,0
Portugal,Hungary,26,32,16,16,43,87,0.6153846153846154,0.5,1.6538461538461535,2.71875,1
Argentina,Spain,81,59,54,34,133,92,0.6666666666666666,0.576271186440678,1.6419753086419753,1.5593220338983051,1
Italy,Chile,83,34,52,16,128,41,0.6265060240963856,0.4705882352941176,1.5421686746987953,1.2058823529411764,1
Uruguay,France,52,61,25,35,80,108,0.4807692307692308,0.5737704918032787,1.5384615384615383,1.7704918032786885,1
Spain,Switzerland,59,34,34,14,92,45,0.576271186440678,0.4117647058823529,1.5593220338983051,1.3235294117647058,1
Hungary,Brazil,32,108,16,75,87,225,0.5,0.6944444444444444,2.71875,2.083333333333333,1
Korea DPR,Chile,7,34,1,16,6,41,0.1428571428571428,0.4705882352941176,0.8571428571428571,1.2058823529411764,0
Portugal,Bulgaria,26,26,16,8,43,22,0.6153846153846154,0.3076923076923077,1.6538461538461535,0.8461538461538461,1
Germany FR,Argentina,62,81,37,54,131,133,0.5967741935483871,0.6666666666666666,2.1129032258064515,1.6419753086419753,0
Soviet Union,Italy,31,83,18,52,53,128,0.5806451612903226,0.6265060240963856,1.7096774193548387,1.5421686746987953,1
England,Mexico,62,54,35,22,79,58,0.5645161290322581,0.4074074074074074,1.2741935483870968,1.0740740740740742,1
Uruguay,Mexico,52,54,25,22,80,58,0.4807692307692308,0.4074074074074074,1.5384615384615383,1.0740740740740742,0
Argentina,Switzerland,81,34,54,14,133,45,0.6666666666666666,0.4117647058823529,1.6419753086419753,1.3235294117647058,1
Portugal,Brazil,26,108,16,75,43,225,0.6153846153846154,0.6944444444444444,1.6538461538461535,2.083333333333333,1
Korea DPR,Italy,7,83,1,52,6,128,0.1428571428571428,0.6265060240963856,0.8571428571428571,1.5421686746987953,1
England,France,62,61,35,35,79,108,0.5645161290322581,0.5737704918032787,1.2741935483870968,1.7704918032786885,1
Hungary,Bulgaria,32,26,16,8,87,22,0.5,0.3076923076923077,2.71875,0.8461538461538461,1
Germany FR,Spain,62,59,37,34,131,92,0.5967741935483871,0.576271186440678,2.1129032258064515,1.5593220338983051,1
Soviet Union,Chile,31,34,18,16,53,41,0.5806451612903226,0.4705882352941176,1.7096774193548387,1.2058823529411764,1
England,Argentina,62,81,35,54,79,133,0.5645161290322581,0.6666666666666666,1.2741935483870968,1.6419753086419753,1
Germany FR,Uruguay,62,52,37,25,131,80,0.5967741935483871,0.4807692307692308,2.1129032258064515,1.5384615384615383,1
Soviet Union,Hungary,31,32,18,16,53,87,0.5806451612903226,0.5,1.7096774193548387,2.71875,1
Portugal,Korea DPR,26,7,16,1,43,6,0.6153846153846154,0.1428571428571428,1.6538461538461535,0.8571428571428571,1
Germany FR,Soviet Union,62,31,37,18,131,53,0.5967741935483871,0.5806451612903226,2.1129032258064515,1.7096774193548387,1
England,Portugal,62,26,35,16,79,43,0.5645161290322581,0.6153846153846154,1.2741935483870968,1.6538461538461535,1
Portugal,Soviet Union,26,31,16,18,43,53,0.6153846153846154,0.5806451612903226,1.6538461538461535,1.7096774193548387,1
England,Germany FR,62,62,35,37,79,131,0.5645161290322581,0.5967741935483871,1.2741935483870968,2.1129032258064515,1
Mexico,Soviet Union,54,31,22,18,58,53,0.4074074074074074,0.5806451612903226,1.0740740740740742,1.7096774193548387,0
Peru,Bulgaria,15,26,6,8,19,22,0.4,0.3076923076923077,1.2666666666666666,0.8461538461538461,1
England,Romania,62,21,35,11,79,30,0.5645161290322581,0.5238095238095238,1.2741935483870968,1.4285714285714286,1
Italy,Sweden,83,46,52,22,128,74,0.6265060240963856,0.4782608695652174,1.5421686746987953,1.608695652173913,1
Germany FR,Morocco,62,13,37,4,131,12,0.5967741935483871,0.3076923076923077,2.1129032258064515,0.9230769230769232,1
Brazil,Czechoslovakia,108,30,75,15,225,44,0.6944444444444444,0.5,2.083333333333333,1.4666666666666666,1
Uruguay,Italy,52,83,25,52,80,128,0.4807692307692308,0.6265060240963856,1.5384615384615383,1.5421686746987953,0
Peru,Morocco,15,13,6,4,19,12,0.4,0.3076923076923077,1.2666666666666666,0.9230769230769232,1
Romania,Czechoslovakia,21,30,11,15,30,44,0.5238095238095238,0.5,1.4285714285714286,1.4666666666666666,1
Soviet Union,Belgium,31,43,18,21,53,54,0.5806451612903226,0.4883720930232558,1.7096774193548387,1.255813953488372,1
Germany FR,Bulgaria,62,26,37,8,131,22,0.5967741935483871,0.3076923076923077,2.1129032258064515,0.8461538461538461,1
Brazil,England,108,62,75,35,225,79,0.6944444444444444,0.5645161290322581,2.083333333333333,1.2741935483870968,1
Sweden,Uruguay,46,52,22,25,74,80,0.4782608695652174,0.4807692307692308,1.608695652173913,1.5384615384615383,1
Germany FR,Peru,62,15,37,6,131,19,0.5967741935483871,0.4,2.1129032258064515,1.2666666666666666,1
Brazil,Romania,108,21,75,11,225,30,0.6944444444444444,0.5238095238095238,2.083333333333333,1.4285714285714286,1
Bulgaria,Morocco,26,13,8,4,22,12,0.3076923076923077,0.3076923076923077,0.8461538461538461,0.9230769230769232,0
England,Czechoslovakia,62,30,35,15,79,44,0.5645161290322581,0.5,1.2741935483870968,1.4666666666666666,1
Mexico,Belgium,54,43,22,21,58,54,0.4074074074074074,0.4883720930232558,1.0740740740740742,1.255813953488372,1
Italy,Mexico,83,54,52,22,128,58,0.6265060240963856,0.4074074074074074,1.5421686746987953,1.0740740740740742,1
Germany FR,England,62,62,37,35,131,79,0.5967741935483871,0.5645161290322581,2.1129032258064515,1.2741935483870968,1
Brazil,Peru,108,15,75,6,225,19,0.6944444444444444,0.4,2.083333333333333,1.2666666666666666,1
Uruguay,Soviet Union,52,31,25,18,80,53,0.4807692307692308,0.5806451612903226,1.5384615384615383,1.7096774193548387,1
Brazil,Uruguay,108,52,75,25,225,80,0.6944444444444444,0.4807692307692308,2.083333333333333,1.5384615384615383,1
Italy,Germany FR,83,62,52,37,128,131,0.6265060240963856,0.5967741935483871,1.5421686746987953,2.1129032258064515,1
Germany FR,Uruguay,62,52,37,25,131,80,0.5967741935483871,0.4807692307692308,2.1129032258064515,1.5384615384615383,1
Brazil,Italy,108,83,75,52,225,128,0.6944444444444444,0.6265060240963856,2.083333333333333,1.5421686746987953,1
Brazil,Yugoslavia,108,37,75,21,225,60,0.6944444444444444,0.5675675675675675,2.083333333333333,1.6216216216216215,0
Germany FR,Chile,62,34,37,16,131,41,0.5967741935483871,0.4705882352941176,2.1129032258064515,1.2058823529411764,1
German DR,Australia,6,13,4,4,5,11,0.6666666666666666,0.3076923076923077,0.8333333333333334,0.8461538461538461,1
Zaire,Scotland,3,23,0,6,0,25,0.0,0.2608695652173913,0.0,1.0869565217391304,0
Uruguay,Netherlands,52,54,25,33,80,91,0.4807692307692308,0.6111111111111112,1.5384615384615383,1.6851851851851851,0
Sweden,Bulgaria,46,26,22,8,74,22,0.4782608695652174,0.3076923076923077,1.608695652173913,0.8461538461538461,0
Italy,Haiti,83,3,52,0,128,2,0.6265060240963856,0.0,1.5421686746987953,0.6666666666666666,1
Poland,Argentina,31,81,18,54,44,133,0.5806451612903226,0.6666666666666666,1.4193548387096775,1.6419753086419753,1
Australia,Germany FR,13,62,4,37,11,131,0.3076923076923077,0.5967741935483871,0.8461538461538461,2.1129032258064515,0
Scotland,Brazil,23,108,6,75,25,225,0.2608695652173913,0.6944444444444444,1.0869565217391304,2.083333333333333,0
Chile,German DR,34,6,16,4,41,5,0.4705882352941176,0.6666666666666666,1.2058823529411764,0.8333333333333334,0
Yugoslavia,Zaire,37,3,21,0,60,0,0.5675675675675675,0.0,1.6216216216216215,0.0,1
Netherlands,Sweden,54,46,33,22,91,74,0.6111111111111112,0.4782608695652174,1.6851851851851851,1.608695652173913,0
Bulgaria,Uruguay,26,52,8,25,22,80,0.3076923076923077,0.4807692307692308,0.8461538461538461,1.5384615384615383,0
Haiti,Poland,3,31,0,18,2,44,0.0,0.5806451612903226,0.6666666666666666,1.4193548387096775,0
Argentina,Italy,81,83,54,52,133,128,0.6666666666666666,0.6265060240963856,1.6419753086419753,1.5421686746987953,0
Scotland,Yugoslavia,23,37,6,21,25,60,0.2608695652173913,0.5675675675675675,1.0869565217391304,1.6216216216216215,0
Australia,Chile,13,34,4,16,11,41,0.3076923076923077,0.4705882352941176,0.8461538461538461,1.2058823529411764,0
Zaire,Brazil,3,108,0,75,0,225,0.0,0.6944444444444444,0.0,2.083333333333333,0
German DR,Germany FR,6,62,4,37,5,131,0.6666666666666666,0.5967741935483871,0.8333333333333334,2.1129032258064515,1
Bulgaria,Netherlands,26,54,8,33,22,91,0.3076923076923077,0.6111111111111112,0.8461538461538461,1.6851851851851851,0
Argentina,Haiti,81,3,54,0,133,2,0.6666666666666666,0.0,1.6419753086419753,0.6666666666666666,1
Sweden,Uruguay,46,52,22,25,74,80,0.4782608695652174,0.4807692307692308,1.608695652173913,1.5384615384615383,1
Poland,Italy,31,83,18,52,44,128,0.5806451612903226,0.6265060240963856,1.4193548387096775,1.5421686746987953,1
Yugoslavia,Germany FR,37,62,21,37,60,131,0.5675675675675675,0.5967741935483871,1.6216216216216215,2.1129032258064515,0
Brazil,German DR,108,6,75,4,225,5,0.6944444444444444,0.6666666666666666,2.083333333333333,0.8333333333333334,1
Netherlands,Argentina,54,81,33,54,91,133,0.6111111111111112,0.6666666666666666,1.6851851851851851,1.6419753086419753,1
Sweden,Poland,46,31,22,18,74,44,0.4782608695652174,0.5806451612903226,1.608695652173913,1.4193548387096775,0
Argentina,Brazil,81,108,54,75,133,225,0.6666666666666666,0.6944444444444444,1.6419753086419753,2.083333333333333,0
Poland,Yugoslavia,31,37,18,21,44,60,0.5806451612903226,0.5675675675675675,1.4193548387096775,1.6216216216216215,1
German DR,Netherlands,6,54,4,33,5,91,0.6666666666666666,0.6111111111111112,0.8333333333333334,1.6851851851851851,0
Germany FR,Sweden,62,46,37,22,131,74,0.5967741935483871,0.4782608695652174,2.1129032258064515,1.608695652173913,1
Poland,Germany FR,31,62,18,37,44,131,0.5806451612903226,0.5967741935483871,1.4193548387096775,2.1129032258064515,0
Netherlands,Brazil,54,108,33,75,91,225,0.6111111111111112,0.6944444444444444,1.6851851851851851,2.083333333333333,1
Argentina,German DR,81,6,54,4,133,5,0.6666666666666666,0.6666666666666666,1.6419753086419753,0.8333333333333334,0
Sweden,Yugoslavia,46,37,22,21,74,60,0.4782608695652174,0.5675675675675675,1.608695652173913,1.6216216216216215,1
Brazil,Poland,108,31,75,18,225,44,0.6944444444444444,0.5806451612903226,2.083333333333333,1.4193548387096775,0
Netherlands,Germany FR,54,62,33,37,91,131,0.6111111111111112,0.5967741935483871,1.6851851851851851,2.1129032258064515,0
Germany FR,Poland,62,31,37,18,131,44,0.5967741935483871,0.5806451612903226,2.1129032258064515,1.4193548387096775,0
Italy,France,83,61,52,35,128,108,0.6265060240963856,0.5737704918032787,1.5421686746987953,1.7704918032786885,1
Tunisia,Mexico,12,54,3,22,8,58,0.25,0.4074074074074074,0.6666666666666666,1.0740740740740742,1
Argentina,Hungary,81,32,54,16,133,87,0.6666666666666666,0.5,1.6419753086419753,2.71875,1
Sweden,Brazil,46,108,22,75,74,225,0.4782608695652174,0.6944444444444444,1.608695652173913,2.083333333333333,0
Austria,Spain,29,59,15,34,43,92,0.5172413793103449,0.576271186440678,1.4827586206896552,1.5593220338983051,1
Peru,Scotland,15,23,6,6,19,25,0.4,0.2608695652173913,1.2666666666666666,1.0869565217391304,1
Italy,Hungary,83,32,52,16,128,87,0.6265060240963856,0.5,1.5421686746987953,2.71875,1
Poland,Tunisia,31,12,18,3,44,8,0.5806451612903226,0.25,1.4193548387096775,0.6666666666666666,1
Germany FR,Mexico,62,54,37,22,131,58,0.5967741935483871,0.4074074074074074,2.1129032258064515,1.0740740740740742,1
Argentina,France,81,61,54,35,133,108,0.6666666666666666,0.5737704918032787,1.6419753086419753,1.7704918032786885,1
Brazil,Spain,108,59,75,34,225,92,0.6944444444444444,0.576271186440678,2.083333333333333,1.5593220338983051,0
Austria,Sweden,29,46,15,22,43,74,0.5172413793103449,0.4782608695652174,1.4827586206896552,1.608695652173913,1
Netherlands,Peru,54,15,33,6,91,19,0.6111111111111112,0.4,1.6851851851851851,1.2666666666666666,0
France,Hungary,61,32,35,16,108,87,0.5737704918032787,0.5,1.7704918032786885,2.71875,1
Poland,Mexico,31,54,18,22,44,58,0.5806451612903226,0.4074074074074074,1.4193548387096775,1.0740740740740742,1
Germany FR,Tunisia,62,12,37,3,131,8,0.5967741935483871,0.25,2.1129032258064515,0.6666666666666666,0
Italy,Argentina,83,81,52,54,128,133,0.6265060240963856,0.6666666666666666,1.5421686746987953,1.6419753086419753,1
Brazil,Austria,108,29,75,15,225,43,0.6944444444444444,0.5172413793103449,2.083333333333333,1.4827586206896552,1
Spain,Sweden,59,46,34,22,92,74,0.576271186440678,0.4782608695652174,1.5593220338983051,1.608695652173913,1
Peru,Iran,15,6,6,1,19,5,0.4,0.1666666666666666,1.2666666666666666,0.8333333333333334,1
Scotland,Netherlands,23,54,6,33,25,91,0.2608695652173913,0.6111111111111112,1.0869565217391304,1.6851851851851851,1
Germany FR,Italy,62,83,37,52,131,128,0.5967741935483871,0.6265060240963856,2.1129032258064515,1.5421686746987953,0
Netherlands,Austria,54,29,33,15,91,43,0.6111111111111112,0.5172413793103449,1.6851851851851851,1.4827586206896552,1
Brazil,Peru,108,15,75,6,225,19,0.6944444444444444,0.4,2.083333333333333,1.2666666666666666,1
Argentina,Poland,81,31,54,18,133,44,0.6666666666666666,0.5806451612903226,1.6419753086419753,1.4193548387096775,1
Poland,Peru,31,15,18,6,44,19,0.5806451612903226,0.4,1.4193548387096775,1.2666666666666666,1
Italy,Austria,83,29,52,15,128,43,0.6265060240963856,0.5172413793103449,1.5421686746987953,1.4827586206896552,1
Germany FR,Netherlands,62,54,37,33,131,91,0.5967741935483871,0.6111111111111112,2.1129032258064515,1.6851851851851851,0
Argentina,Brazil,81,108,54,75,133,225,0.6666666666666666,0.6944444444444444,1.6419753086419753,2.083333333333333,0
Netherlands,Italy,54,83,33,52,91,128,0.6111111111111112,0.6265060240963856,1.6851851851851851,1.5421686746987953,1
Austria,Germany FR,29,62,15,37,43,131,0.5172413793103449,0.5967741935483871,1.4827586206896552,2.1129032258064515,1
Brazil,Poland,108,31,75,18,225,44,0.6944444444444444,0.5806451612903226,2.083333333333333,1.4193548387096775,1
Argentina,Peru,81,15,54,6,133,19,0.6666666666666666,0.4,1.6419753086419753,1.2666666666666666,1
Brazil,Italy,108,83,75,52,225,128,0.6944444444444444,0.6265060240963856,2.083333333333333,1.5421686746987953,1
Argentina,Netherlands,81,54,54,33,133,91,0.6666666666666666,0.6111111111111112,1.6419753086419753,1.6851851851851851,1
Argentina,Belgium,81,43,54,21,133,54,0.6666666666666666,0.4883720930232558,1.6419753086419753,1.255813953488372,0
Italy,Poland,83,31,52,18,128,44,0.6265060240963856,0.5806451612903226,1.5421686746987953,1.4193548387096775,0
Brazil,Soviet Union,108,31,75,18,225,53,0.6944444444444444,0.5806451612903226,2.083333333333333,1.7096774193548387,1
Peru,Cameroon,15,23,6,9,19,18,0.4,0.391304347826087,1.2666666666666666,0.782608695652174,0
Germany FR,Algeria,62,14,37,4,131,14,0.5967741935483871,0.2857142857142857,2.1129032258064515,1.0,0
England,France,62,61,35,35,79,108,0.5645161290322581,0.5737704918032787,1.2741935483870968,1.7704918032786885,1
Spain,Honduras,59,9,34,2,92,3,0.576271186440678,0.2222222222222222,1.5593220338983051,0.3333333333333333,0
Chile,Austria,34,29,16,15,41,43,0.4705882352941176,0.5172413793103449,1.2058823529411764,1.4827586206896552,0
Yugoslavia,Northern Ireland,37,13,21,8,60,13,0.5675675675675675,0.6153846153846154,1.6216216216216215,1.0,0
Italy,Peru,83,15,52,6,128,19,0.6265060240963856,0.4,1.5421686746987953,1.2666666666666666,0
Argentina,Hungary,81,32,54,16,133,87,0.6666666666666666,0.5,1.6419753086419753,2.71875,1
Brazil,Scotland,108,23,75,6,225,25,0.6944444444444444,0.2608695652173913,2.083333333333333,1.0869565217391304,1
Poland,Cameroon,31,23,18,9,44,18,0.5806451612903226,0.391304347826087,1.4193548387096775,0.782608695652174,0
Germany FR,Chile,62,34,37,16,131,41,0.5967741935483871,0.4705882352941176,2.1129032258064515,1.2058823529411764,1
England,Czechoslovakia,62,30,35,15,79,44,0.5645161290322581,0.5,1.2741935483870968,1.4666666666666666,1
Spain,Yugoslavia,59,37,34,21,92,60,0.576271186440678,0.5675675675675675,1.5593220338983051,1.6216216216216215,1
Algeria,Austria,14,29,4,15,14,43,0.2857142857142857,0.5172413793103449,1.0,1.4827586206896552,0
Honduras,Northern Ireland,9,13,2,8,3,13,0.2222222222222222,0.6153846153846154,0.3333333333333333,1.0,0
Poland,Peru,31,15,18,6,44,19,0.5806451612903226,0.4,1.4193548387096775,1.2666666666666666,1
Belgium,Hungary,43,32,21,16,54,87,0.4883720930232558,0.5,1.255813953488372,2.71875,0
Soviet Union,Scotland,31,23,18,6,53,25,0.5806451612903226,0.2608695652173913,1.7096774193548387,1.0869565217391304,0
Italy,Cameroon,83,23,52,9,128,18,0.6265060240963856,0.391304347826087,1.5421686746987953,0.782608695652174,0
Algeria,Chile,14,34,4,16,14,41,0.2857142857142857,0.4705882352941176,1.0,1.2058823529411764,1
France,Czechoslovakia,61,30,35,15,108,44,0.5737704918032787,0.5,1.7704918032786885,1.4666666666666666,0
Honduras,Yugoslavia,9,37,2,21,3,60,0.2222222222222222,0.5675675675675675,0.3333333333333333,1.6216216216216215,0
Germany FR,Austria,62,29,37,15,131,43,0.5967741935483871,0.5172413793103449,2.1129032258064515,1.4827586206896552,1
Northern Ireland,Spain,13,59,8,34,13,92,0.6153846153846154,0.576271186440678,1.0,1.5593220338983051,1
Austria,France,29,61,15,35,43,108,0.5172413793103449,0.5737704918032787,1.4827586206896552,1.7704918032786885,0
Poland,Belgium,31,43,18,21,44,54,0.5806451612903226,0.4883720930232558,1.4193548387096775,1.255813953488372,1
Italy,Argentina,83,81,52,54,128,133,0.6265060240963856,0.6666666666666666,1.5421686746987953,1.6419753086419753,1
Germany FR,England,62,62,37,35,131,79,0.5967741935483871,0.5645161290322581,2.1129032258064515,1.2741935483870968,0
Austria,Northern Ireland,29,13,15,8,43,13,0.5172413793103449,0.6153846153846154,1.4827586206896552,1.0,0
Belgium,Soviet Union,43,31,21,18,54,53,0.4883720930232558,0.5806451612903226,1.255813953488372,1.7096774193548387,0
Argentina,Brazil,81,108,54,75,133,225,0.6666666666666666,0.6944444444444444,1.6419753086419753,2.083333333333333,0
Germany FR,Spain,62,59,37,34,131,92,0.5967741935483871,0.576271186440678,2.1129032258064515,1.5593220338983051,1
France,Northern Ireland,61,13,35,8,108,13,0.5737704918032787,0.6153846153846154,1.7704918032786885,1.0,1
Poland,Soviet Union,31,31,18,18,44,53,0.5806451612903226,0.5806451612903226,1.4193548387096775,1.7096774193548387,0
Italy,Brazil,83,108,52,75,128,225,0.6265060240963856,0.6944444444444444,1.5421686746987953,2.083333333333333,1
Spain,England,59,62,34,35,92,79,0.576271186440678,0.5645161290322581,1.5593220338983051,1.2741935483870968,0
Poland,Italy,31,83,18,52,44,128,0.5806451612903226,0.6265060240963856,1.4193548387096775,1.5421686746987953,0
Germany FR,France,62,61,37,35,131,108,0.5967741935483871,0.5737704918032787,2.1129032258064515,1.7704918032786885,0
Poland,France,31,61,18,35,44,108,0.5806451612903226,0.5737704918032787,1.4193548387096775,1.7704918032786885,1
Italy,Germany FR,83,62,52,37,128,131,0.6265060240963856,0.5967741935483871,1.5421686746987953,2.1129032258064515,1
Bulgaria,Italy,26,83,8,52,22,128,0.3076923076923077,0.6265060240963856,0.8461538461538461,1.5421686746987953,0
Canada,France,3,61,0,35,0,108,0.0,0.5737704918032787,0.0,1.7704918032786885,0
Spain,Brazil,59,108,34,75,92,225,0.576271186440678,0.6944444444444444,1.5593220338983051,2.083333333333333,0
Soviet Union,Hungary,31,32,18,16,53,87,0.5806451612903226,0.5,1.7096774193548387,2.71875,1
Argentina,Korea Republic,81,31,54,11,133,31,0.6666666666666666,0.3548387096774194,1.6419753086419753,1.0,1
Morocco,Poland,13,31,4,18,12,44,0.3076923076923077,0.5806451612903226,0.9230769230769232,1.4193548387096775,0
Algeria,Northern Ireland,14,13,4,8,14,13,0.2857142857142857,0.6153846153846154,1.0,1.0,0
Belgium,Mexico,43,54,21,22,54,58,0.4883720930232558,0.4074074074074074,1.255813953488372,1.0740740740740742,0
Portugal,England,26,62,16,35,43,79,0.6153846153846154,0.5645161290322581,1.6538461538461535,1.2741935483870968,1
Paraguay,Iraq,27,3,11,0,30,1,0.4074074074074074,0.0,1.1111111111111112,0.3333333333333333,1
Scotland,Denmark,23,16,6,9,25,27,0.2608695652173913,0.5625,1.0869565217391304,1.6875,0
Uruguay,Germany FR,52,62,25,37,80,131,0.4807692307692308,0.5967741935483871,1.5384615384615383,2.1129032258064515,0
Italy,Argentina,83,81,52,54,128,133,0.6265060240963856,0.6666666666666666,1.5421686746987953,1.6419753086419753,0
France,Soviet Union,61,31,35,18,108,53,0.5737704918032787,0.5806451612903226,1.7704918032786885,1.7096774193548387,0
Korea Republic,Bulgaria,31,26,11,8,31,22,0.3548387096774194,0.3076923076923077,1.0,0.8461538461538461,0
Hungary,Canada,32,3,16,0,87,0,0.5,0.0,2.71875,0.0,1
Brazil,Algeria,108,14,75,4,225,14,0.6944444444444444,0.2857142857142857,2.083333333333333,1.0,1
England,Morocco,62,13,35,4,79,12,0.5645161290322581,0.3076923076923077,1.2741935483870968,0.9230769230769232,0
Northern Ireland,Spain,13,59,8,34,13,92,0.6153846153846154,0.576271186440678,1.0,1.5593220338983051,0
Mexico,Paraguay,54,27,22,11,58,30,0.4074074074074074,0.4074074074074074,1.0740740740740742,1.1111111111111112,0
Poland,Portugal,31,26,18,16,44,43,0.5806451612903226,0.6153846153846154,1.4193548387096775,1.6538461538461535,1
Iraq,Belgium,3,43,0,21,1,54,0.0,0.4883720930232558,0.3333333333333333,1.255813953488372,0
Denmark,Uruguay,16,52,9,25,27,80,0.5625,0.4807692307692308,1.6875,1.5384615384615383,1
Germany FR,Scotland,62,23,37,6,131,25,0.5967741935483871,0.2608695652173913,2.1129032258064515,1.0869565217391304,1
Hungary,France,32,61,16,35,87,108,0.5,0.5737704918032787,2.71875,1.7704918032786885,0
Soviet Union,Canada,31,3,18,0,53,0,0.5806451612903226,0.0,1.7096774193548387,0.0,1
Korea Republic,Italy,31,83,11,52,31,128,0.3548387096774194,0.6265060240963856,1.0,1.5421686746987953,0
Argentina,Bulgaria,81,26,54,8,133,22,0.6666666666666666,0.3076923076923077,1.6419753086419753,0.8461538461538461,1
Paraguay,Belgium,27,43,11,21,30,54,0.4074074074074074,0.4883720930232558,1.1111111111111112,1.255813953488372,0
Iraq,Mexico,3,54,0,22,1,58,0.0,0.4074074074074074,0.3333333333333333,1.0740740740740742,0
Portugal,Morocco,26,13,16,4,43,12,0.6153846153846154,0.3076923076923077,1.6538461538461535,0.9230769230769232,0
England,Poland,62,31,35,18,79,44,0.5645161290322581,0.5806451612903226,1.2741935483870968,1.4193548387096775,1
Northern Ireland,Brazil,13,108,8,75,13,225,0.6153846153846154,0.6944444444444444,1.0,2.083333333333333,0
Algeria,Spain,14,59,4,34,14,92,0.2857142857142857,0.576271186440678,1.0,1.5593220338983051,0
Scotland,Uruguay,23,52,6,25,25,80,0.2608695652173913,0.4807692307692308,1.0869565217391304,1.5384615384615383,0
Denmark,Germany FR,16,62,9,37,27,131,0.5625,0.5967741935483871,1.6875,2.1129032258064515,1
Soviet Union,Belgium,31,43,18,21,53,54,0.5806451612903226,0.4883720930232558,1.7096774193548387,1.255813953488372,0
Mexico,Bulgaria,54,26,22,8,58,22,0.4074074074074074,0.3076923076923077,1.0740740740740742,0.8461538461538461,1
Argentina,Uruguay,81,52,54,25,133,80,0.6666666666666666,0.4807692307692308,1.6419753086419753,1.5384615384615383,1
Brazil,Poland,108,31,75,18,225,44,0.6944444444444444,0.5806451612903226,2.083333333333333,1.4193548387096775,1
Italy,France,83,61,52,35,128,108,0.6265060240963856,0.5737704918032787,1.5421686746987953,1.7704918032786885,0
Morocco,Germany FR,13,62,4,37,12,131,0.3076923076923077,0.5967741935483871,0.9230769230769232,2.1129032258064515,0
England,Paraguay,62,27,35,11,79,30,0.5645161290322581,0.4074074074074074,1.2741935483870968,1.1111111111111112,1
Denmark,Spain,16,59,9,34,27,92,0.5625,0.576271186440678,1.6875,1.5593220338983051,0
Brazil,France,108,61,75,35,225,108,0.6944444444444444,0.5737704918032787,2.083333333333333,1.7704918032786885,0
Germany FR,Mexico,62,54,37,22,131,58,0.5967741935483871,0.4074074074074074,2.1129032258064515,1.0740740740740742,0
Spain,Belgium,59,43,34,21,92,54,0.576271186440678,0.4883720930232558,1.5593220338983051,1.255813953488372,0
Argentina,England,81,62,54,35,133,79,0.6666666666666666,0.5645161290322581,1.6419753086419753,1.2741935483870968,1
France,Germany FR,61,62,35,37,108,131,0.5737704918032787,0.5967741935483871,1.7704918032786885,2.1129032258064515,0
Argentina,Belgium,81,43,54,21,133,54,0.6666666666666666,0.4883720930232558,1.6419753086419753,1.255813953488372,1
France,Belgium,61,43,35,21,108,54,0.5737704918032787,0.4883720930232558,1.7704918032786885,1.255813953488372,1
Argentina,Germany FR,81,62,54,37,133,131,0.6666666666666666,0.5967741935483871,1.6419753086419753,2.1129032258064515,1
Argentina,Cameroon,81,23,54,9,133,18,0.6666666666666666,0.391304347826087,1.6419753086419753,0.782608695652174,0
Soviet Union,Romania,31,21,18,11,53,30,0.5806451612903226,0.5238095238095238,1.7096774193548387,1.4285714285714286,0
"rn"">United Arab Emirates",Colombia,3,20,0,10,2,29,0.0,0.5,0.6666666666666666,1.45,0
Italy,Austria,83,29,52,15,128,43,0.6265060240963856,0.5172413793103449,1.5421686746987953,1.4827586206896552,1
USA,Czechoslovakia,34,30,12,15,38,44,0.3529411764705882,0.5,1.1176470588235294,1.4666666666666666,0
Brazil,Sweden,108,46,75,22,225,74,0.6944444444444444,0.4782608695652174,2.083333333333333,1.608695652173913,1
Germany FR,Yugoslavia,62,37,37,21,131,60,0.5967741935483871,0.5675675675675675,2.1129032258064515,1.6216216216216215,1
Costa Rica,Scotland,17,23,7,6,18,25,0.4117647058823529,0.2608695652173913,1.0588235294117647,1.0869565217391304,1
England,"rn"">Republic of Ireland",62,13,35,5,79,10,0.5645161290322581,0.3846153846153846,1.2741935483870968,0.7692307692307693,0
Belgium,Korea Republic,43,31,21,11,54,31,0.4883720930232558,0.3548387096774194,1.255813953488372,1.0,1
Uruguay,Spain,52,59,25,34,80,92,0.4807692307692308,0.576271186440678,1.5384615384615383,1.5593220338983051,0
Argentina,Soviet Union,81,31,54,18,133,53,0.6666666666666666,0.5806451612903226,1.6419753086419753,1.7096774193548387,1
Cameroon,Romania,23,21,9,11,18,30,0.391304347826087,0.5238095238095238,0.782608695652174,1.4285714285714286,1
Yugoslavia,Colombia,37,20,21,10,60,29,0.5675675675675675,0.5,1.6216216216216215,1.45,1
Italy,USA,83,34,52,12,128,38,0.6265060240963856,0.3529411764705882,1.5421686746987953,1.1176470588235294,1
Austria,Czechoslovakia,29,30,15,15,43,44,0.5172413793103449,0.5,1.4827586206896552,1.4666666666666666,0
Germany FR,"rn"">United Arab Emirates",62,3,37,0,131,2,0.5967741935483871,0.0,2.1129032258064515,0.6666666666666666,1
Brazil,Costa Rica,108,17,75,7,225,18,0.6944444444444444,0.4117647058823529,2.083333333333333,1.0588235294117647,1
Sweden,Scotland,46,23,22,6,74,25,0.4782608695652174,0.2608695652173913,1.608695652173913,1.0869565217391304,0
England,Netherlands,62,54,35,33,79,91,0.5645161290322581,0.6111111111111112,1.2741935483870968,1.6851851851851851,0
Korea Republic,Spain,31,59,11,34,31,92,0.3548387096774194,0.576271186440678,1.0,1.5593220338983051,0
Belgium,Uruguay,43,52,21,25,54,80,0.4883720930232558,0.4807692307692308,1.255813953488372,1.5384615384615383,1
Argentina,Romania,81,21,54,11,133,30,0.6666666666666666,0.5238095238095238,1.6419753086419753,1.4285714285714286,0
Cameroon,Soviet Union,23,31,9,18,18,53,0.391304347826087,0.5806451612903226,0.782608695652174,1.7096774193548387,0
Germany FR,Colombia,62,20,37,10,131,29,0.5967741935483871,0.5,2.1129032258064515,1.45,0
Yugoslavia,"rn"">United Arab Emirates",37,3,21,0,60,2,0.5675675675675675,0.0,1.6216216216216215,0.6666666666666666,1
Italy,Czechoslovakia,83,30,52,15,128,44,0.6265060240963856,0.5,1.5421686746987953,1.4666666666666666,1
Austria,USA,29,34,15,12,43,38,0.5172413793103449,0.3529411764705882,1.4827586206896552,1.1176470588235294,1
Brazil,Scotland,108,23,75,6,225,25,0.6944444444444444,0.2608695652173913,2.083333333333333,1.0869565217391304,1
Sweden,Costa Rica,46,17,22,7,74,18,0.4782608695652174,0.4117647058823529,1.608695652173913,1.0588235294117647,0
Korea Republic,Uruguay,31,52,11,25,31,80,0.3548387096774194,0.4807692307692308,1.0,1.5384615384615383,0
Belgium,Spain,43,59,21,34,54,92,0.4883720930232558,0.576271186440678,1.255813953488372,1.5593220338983051,0
"rn"">Republic of Ireland",Netherlands,13,54,5,33,10,91,0.3846153846153846,0.6111111111111112,0.7692307692307693,1.6851851851851851,0
Cameroon,Colombia,23,20,9,10,18,29,0.391304347826087,0.5,0.782608695652174,1.45,1
Czechoslovakia,Costa Rica,30,17,15,7,44,18,0.5,0.4117647058823529,1.4666666666666666,1.0588235294117647,1
Brazil,Argentina,108,81,75,54,225,133,0.6944444444444444,0.6666666666666666,2.083333333333333,1.6419753086419753,0
Germany FR,Netherlands,62,54,37,33,131,91,0.5967741935483871,0.6111111111111112,2.1129032258064515,1.6851851851851851,1
"rn"">Republic of Ireland",Romania,13,21,5,11,10,30,0.3846153846153846,0.5238095238095238,0.7692307692307693,1.4285714285714286,0
Italy,Uruguay,83,52,52,25,128,80,0.6265060240963856,0.4807692307692308,1.5421686746987953,1.5384615384615383,1
Spain,Yugoslavia,59,37,34,21,92,60,0.576271186440678,0.5675675675675675,1.5593220338983051,1.6216216216216215,0
England,Belgium,62,43,35,21,79,54,0.5645161290322581,0.4883720930232558,1.2741935483870968,1.255813953488372,1
Yugoslavia,Argentina,37,81,21,54,60,133,0.5675675675675675,0.6666666666666666,1.6216216216216215,1.6419753086419753,0
Italy,"rn"">Republic of Ireland",83,13,52,5,128,10,0.6265060240963856,0.3846153846153846,1.5421686746987953,0.7692307692307693,1
Germany FR,Czechoslovakia,62,30,37,15,131,44,0.5967741935483871,0.5,2.1129032258064515,1.4666666666666666,1
England,Cameroon,62,23,35,9,79,18,0.5645161290322581,0.391304347826087,1.2741935483870968,0.782608695652174,1
Italy,Argentina,83,81,52,54,128,133,0.6265060240963856,0.6666666666666666,1.5421686746987953,1.6419753086419753,0
Germany FR,England,62,62,37,35,131,79,0.5967741935483871,0.5645161290322581,2.1129032258064515,1.2741935483870968,0
Italy,England,83,62,52,35,128,79,0.6265060240963856,0.5645161290322581,1.5421686746987953,1.2741935483870968,1
Germany FR,Argentina,62,81,37,54,131,133,0.5967741935483871,0.6666666666666666,2.1129032258064515,1.6419753086419753,1
Spain,Korea Republic,59,31,34,11,92,31,0.576271186440678,0.3548387096774194,1.5593220338983051,1.0,0
Germany,Bolivia,48,6,35,1,104,1,0.7291666666666666,0.1666666666666666,2.1666666666666665,0.1666666666666666,1
USA,Switzerland,34,34,12,14,38,45,0.3529411764705882,0.4117647058823529,1.1176470588235294,1.3235294117647058,0
Italy,"rn"">Republic of Ireland",83,13,52,5,128,10,0.6265060240963856,0.3846153846153846,1.5421686746987953,0.7692307692307693,0
Colombia,Romania,20,21,10,11,29,30,0.5,0.5238095238095238,1.45,1.4285714285714286,0
Belgium,Morocco,43,13,21,4,54,12,0.4883720930232558,0.3076923076923077,1.255813953488372,0.9230769230769232,1
Norway,Mexico,8,54,5,22,7,58,0.625,0.4074074074074074,0.875,1.0740740740740742,1
Cameroon,Sweden,23,46,9,22,18,74,0.391304347826087,0.4782608695652174,0.782608695652174,1.608695652173913,0
Netherlands,Saudi Arabia,54,13,33,4,91,9,0.6111111111111112,0.3076923076923077,1.6851851851851851,0.6923076923076923,1
Brazil,Russia,108,9,75,3,225,13,0.6944444444444444,0.3333333333333333,2.083333333333333,1.4444444444444444,1
Argentina,Greece,81,11,54,5,133,6,0.6666666666666666,0.4545454545454545,1.6419753086419753,0.5454545454545454,1
Nigeria,Bulgaria,19,26,6,8,20,22,0.3157894736842105,0.3076923076923077,1.0526315789473684,0.8461538461538461,1
Germany,Spain,48,59,35,34,104,92,0.7291666666666666,0.576271186440678,2.1666666666666665,1.5593220338983051,0
Romania,Switzerland,21,34,11,14,30,45,0.5238095238095238,0.4117647058823529,1.4285714285714286,1.3235294117647058,0
USA,Colombia,34,20,12,10,38,29,0.3529411764705882,0.5,1.1176470588235294,1.45,1
Italy,Norway,83,8,52,5,128,7,0.6265060240963856,0.625,1.5421686746987953,0.875,1
Korea Republic,Bolivia,31,6,11,1,31,1,0.3548387096774194,0.1666666666666666,1.0,0.1666666666666666,0
Mexico,"rn"">Republic of Ireland",54,13,22,5,58,10,0.4074074074074074,0.3846153846153846,1.0740740740740742,0.7692307692307693,1
Sweden,Russia,46,9,22,3,74,13,0.4782608695652174,0.3333333333333333,1.608695652173913,1.4444444444444444,1
Brazil,Cameroon,108,23,75,9,225,18,0.6944444444444444,0.391304347826087,2.083333333333333,0.782608695652174,1
Belgium,Netherlands,43,54,21,33,54,91,0.4883720930232558,0.6111111111111112,1.255813953488372,1.6851851851851851,1
Saudi Arabia,Morocco,13,13,4,4,9,12,0.3076923076923077,0.3076923076923077,0.6923076923076923,0.9230769230769232,1
Argentina,Nigeria,81,19,54,6,133,20,0.6666666666666666,0.3157894736842105,1.6419753086419753,1.0526315789473684,1
Bulgaria,Greece,26,11,8,5,22,6,0.3076923076923077,0.4545454545454545,0.8461538461538461,0.5454545454545454,1
USA,Romania,34,21,12,11,38,30,0.3529411764705882,0.5238095238095238,1.1176470588235294,1.4285714285714286,0
Switzerland,Colombia,34,20,14,10,45,29,0.4117647058823529,0.5,1.3235294117647058,1.45,0
Germany,Korea Republic,48,31,35,11,104,31,0.7291666666666666,0.3548387096774194,2.1666666666666665,1.0,1
Bolivia,Spain,6,59,1,34,1,92,0.1666666666666666,0.576271186440678,0.1666666666666666,1.5593220338983051,0
"rn"">Republic of Ireland",Norway,13,8,5,5,10,7,0.3846153846153846,0.625,0.7692307692307693,0.875,0
Brazil,Sweden,108,46,75,22,225,74,0.6944444444444444,0.4782608695652174,2.083333333333333,1.608695652173913,0
Italy,Mexico,83,54,52,22,128,58,0.6265060240963856,0.4074074074074074,1.5421686746987953,1.0740740740740742,0
Russia,Cameroon,9,23,3,9,13,18,0.3333333333333333,0.391304347826087,1.4444444444444444,0.782608695652174,1
Morocco,Netherlands,13,54,4,33,12,91,0.3076923076923077,0.6111111111111112,0.9230769230769232,1.6851851851851851,0
Belgium,Saudi Arabia,43,13,21,4,54,9,0.4883720930232558,0.3076923076923077,1.255813953488372,0.6923076923076923,0
Greece,Nigeria,11,19,5,6,6,20,0.4545454545454545,0.3157894736842105,0.5454545454545454,1.0526315789473684,0
Argentina,Bulgaria,81,26,54,8,133,22,0.6666666666666666,0.3076923076923077,1.6419753086419753,0.8461538461538461,0
Germany,Belgium,48,43,35,21,104,54,0.7291666666666666,0.4883720930232558,2.1666666666666665,1.255813953488372,1
Spain,Switzerland,59,34,34,14,92,45,0.576271186440678,0.4117647058823529,1.5593220338983051,1.3235294117647058,1
Saudi Arabia,Sweden,13,46,4,22,9,74,0.3076923076923077,0.4782608695652174,0.6923076923076923,1.608695652173913,0
Romania,Argentina,21,81,11,54,30,133,0.5238095238095238,0.6666666666666666,1.4285714285714286,1.6419753086419753,1
Netherlands,"rn"">Republic of Ireland",54,13,33,5,91,10,0.6111111111111112,0.3846153846153846,1.6851851851851851,0.7692307692307693,1
Brazil,USA,108,34,75,12,225,38,0.6944444444444444,0.3529411764705882,2.083333333333333,1.1176470588235294,1
Nigeria,Italy,19,83,6,52,20,128,0.3157894736842105,0.6265060240963856,1.0526315789473684,1.5421686746987953,0
Mexico,Bulgaria,54,26,22,8,58,22,0.4074074074074074,0.3076923076923077,1.0740740740740742,0.8461538461538461,0
Italy,Spain,83,59,52,34,128,92,0.6265060240963856,0.576271186440678,1.5421686746987953,1.5593220338983051,1
Netherlands,Brazil,54,108,33,75,91,225,0.6111111111111112,0.6944444444444444,1.6851851851851851,2.083333333333333,0
Bulgaria,Germany,26,48,8,35,22,104,0.3076923076923077,0.7291666666666666,0.8461538461538461,2.1666666666666665,1
Romania,Sweden,21,46,11,22,30,74,0.5238095238095238,0.4782608695652174,1.4285714285714286,1.608695652173913,0
Bulgaria,Italy,26,83,8,52,22,128,0.3076923076923077,0.6265060240963856,0.8461538461538461,1.5421686746987953,0
Sweden,Brazil,46,108,22,75,74,225,0.4782608695652174,0.6944444444444444,1.608695652173913,2.083333333333333,0
Sweden,Bulgaria,46,26,22,8,74,22,0.4782608695652174,0.3076923076923077,1.608695652173913,0.8461538461538461,1
Brazil,Italy,108,83,75,52,225,128,0.6944444444444444,0.6265060240963856,2.083333333333333,1.5421686746987953,0
Brazil,Scotland,108,23,75,6,225,25,0.6944444444444444,0.2608695652173913,2.083333333333333,1.0869565217391304,1
Morocco,Norway,13,8,4,5,12,7,0.3076923076923077,0.625,0.9230769230769232,0.875,0
Italy,Chile,83,34,52,16,128,41,0.6265060240963856,0.4705882352941176,1.5421686746987953,1.2058823529411764,0
Cameroon,Austria,23,29,9,15,18,43,0.391304347826087,0.5172413793103449,0.782608695652174,1.4827586206896552,0
Paraguay,Bulgaria,27,26,11,8,30,22,0.4074074074074074,0.3076923076923077,1.1111111111111112,0.8461538461538461,0
Saudi Arabia,Denmark,13,16,4,9,9,27,0.3076923076923077,0.5625,0.6923076923076923,1.6875,0
France,South Africa,61,9,35,3,108,11,0.5737704918032787,0.3333333333333333,1.7704918032786885,1.2222222222222223,1
Spain,Nigeria,59,19,34,6,92,20,0.576271186440678,0.3157894736842105,1.5593220338983051,1.0526315789473684,0
Korea Republic,Mexico,31,54,11,22,31,58,0.3548387096774194,0.4074074074074074,1.0,1.0740740740740742,0
Netherlands,Belgium,54,43,33,21,91,54,0.6111111111111112,0.4883720930232558,1.6851851851851851,1.255813953488372,0
Argentina,Japan,81,17,54,5,133,14,0.6666666666666666,0.2941176470588235,1.6419753086419753,0.8235294117647058,1
Yugoslavia,Iran,37,6,21,1,60,5,0.5675675675675675,0.1666666666666666,1.6216216216216215,0.8333333333333334,1
Jamaica,Croatia,3,16,1,8,3,21,0.3333333333333333,0.5,1.0,1.3125,0
England,Tunisia,62,12,35,3,79,8,0.5645161290322581,0.25,1.2741935483870968,0.6666666666666666,1
Romania,Colombia,21,20,11,10,30,29,0.5238095238095238,0.5,1.4285714285714286,1.45,1
Germany,USA,48,34,35,12,104,38,0.7291666666666666,0.3529411764705882,2.1666666666666665,1.1176470588235294,1
Scotland,Norway,23,8,6,5,25,7,0.2608695652173913,0.625,1.0869565217391304,0.875,0
Brazil,Morocco,108,13,75,4,225,12,0.6944444444444444,0.3076923076923077,2.083333333333333,0.9230769230769232,1
Chile,Austria,34,29,16,15,41,43,0.4705882352941176,0.5172413793103449,1.2058823529411764,1.4827586206896552,0
Italy,Cameroon,83,23,52,9,128,18,0.6265060240963856,0.391304347826087,1.5421686746987953,0.782608695652174,1
South Africa,Denmark,9,16,3,9,11,27,0.3333333333333333,0.5625,1.2222222222222223,1.6875,0
France,Saudi Arabia,61,13,35,4,108,9,0.5737704918032787,0.3076923076923077,1.7704918032786885,0.6923076923076923,1
Nigeria,Bulgaria,19,26,6,8,20,22,0.3157894736842105,0.3076923076923077,1.0526315789473684,0.8461538461538461,1
Spain,Paraguay,59,27,34,11,92,30,0.576271186440678,0.4074074074074074,1.5593220338983051,1.1111111111111112,0
Japan,Croatia,17,16,5,8,14,21,0.2941176470588235,0.5,0.8235294117647058,1.3125,0
Belgium,Mexico,43,54,21,22,54,58,0.4883720930232558,0.4074074074074074,1.255813953488372,1.0740740740740742,0
Netherlands,Korea Republic,54,31,33,11,91,31,0.6111111111111112,0.3548387096774194,1.6851851851851851,1.0,1
Germany,Yugoslavia,48,37,35,21,104,60,0.7291666666666666,0.5675675675675675,2.1666666666666665,1.6216216216216215,0
Argentina,Jamaica,81,3,54,1,133,3,0.6666666666666666,0.3333333333333333,1.6419753086419753,1.0,1
USA,Iran,34,6,12,1,38,5,0.3529411764705882,0.1666666666666666,1.1176470588235294,0.8333333333333334,0
Colombia,Tunisia,20,12,10,3,29,8,0.5,0.25,1.45,0.6666666666666666,1
Romania,England,21,62,11,35,30,79,0.5238095238095238,0.5645161290322581,1.4285714285714286,1.2741935483870968,1
Italy,Austria,83,29,52,15,128,43,0.6265060240963856,0.5172413793103449,1.5421686746987953,1.4827586206896552,1
Chile,Cameroon,34,23,16,9,41,18,0.4705882352941176,0.391304347826087,1.2058823529411764,0.782608695652174,0
Scotland,Morocco,23,13,6,4,25,12,0.2608695652173913,0.3076923076923077,1.0869565217391304,0.9230769230769232,0
Brazil,Norway,108,8,75,5,225,7,0.6944444444444444,0.625,2.083333333333333,0.875,0
France,Denmark,61,16,35,9,108,27,0.5737704918032787,0.5625,1.7704918032786885,1.6875,1
South Africa,Saudi Arabia,9,13,3,4,11,9,0.3333333333333333,0.3076923076923077,1.2222222222222223,0.6923076923076923,0
Spain,Bulgaria,59,26,34,8,92,22,0.576271186440678,0.3076923076923077,1.5593220338983051,0.8461538461538461,1
Nigeria,Paraguay,19,27,6,11,20,30,0.3157894736842105,0.4074074074074074,1.0526315789473684,1.1111111111111112,0
Belgium,Korea Republic,43,31,21,11,54,31,0.4883720930232558,0.3548387096774194,1.255813953488372,1.0,0
Netherlands,Mexico,54,54,33,22,91,58,0.6111111111111112,0.4074074074074074,1.6851851851851851,1.0740740740740742,0
Germany,Iran,48,6,35,1,104,5,0.7291666666666666,0.1666666666666666,2.1666666666666665,0.8333333333333334,1
USA,Yugoslavia,34,37,12,21,38,60,0.3529411764705882,0.5675675675675675,1.1176470588235294,1.6216216216216215,0
Japan,Jamaica,17,3,5,1,14,3,0.2941176470588235,0.3333333333333333,0.8235294117647058,1.0,0
Argentina,Croatia,81,16,54,8,133,21,0.6666666666666666,0.5,1.6419753086419753,1.3125,1
Romania,Tunisia,21,12,11,3,30,8,0.5238095238095238,0.25,1.4285714285714286,0.6666666666666666,0
Colombia,England,20,62,10,35,29,79,0.5,0.5645161290322581,1.45,1.2741935483870968,0
Italy,Norway,83,8,52,5,128,7,0.6265060240963856,0.625,1.5421686746987953,0.875,1
Brazil,Chile,108,34,75,16,225,41,0.6944444444444444,0.4705882352941176,2.083333333333333,1.2058823529411764,1
France,Paraguay,61,27,35,11,108,30,0.5737704918032787,0.4074074074074074,1.7704918032786885,1.1111111111111112,1
Nigeria,Denmark,19,16,6,9,20,27,0.3157894736842105,0.5625,1.0526315789473684,1.6875,0
Germany,Mexico,48,54,35,22,104,58,0.7291666666666666,0.4074074074074074,2.1666666666666665,1.0740740740740742,1
Netherlands,Yugoslavia,54,37,33,21,91,60,0.6111111111111112,0.5675675675675675,1.6851851851851851,1.6216216216216215,1
Romania,Croatia,21,16,11,8,30,21,0.5238095238095238,0.5,1.4285714285714286,1.3125,0
Argentina,England,81,62,54,35,133,79,0.6666666666666666,0.5645161290322581,1.6419753086419753,1.2741935483870968,0
Italy,France,83,61,52,35,128,108,0.6265060240963856,0.5737704918032787,1.5421686746987953,1.7704918032786885,0
Brazil,Denmark,108,16,75,9,225,27,0.6944444444444444,0.5625,2.083333333333333,1.6875,1
Netherlands,Argentina,54,81,33,54,91,133,0.6111111111111112,0.6666666666666666,1.6851851851851851,1.6419753086419753,1
Germany,Croatia,48,16,35,8,104,21,0.7291666666666666,0.5,2.1666666666666665,1.3125,0
Brazil,Netherlands,108,54,75,33,225,91,0.6944444444444444,0.6111111111111112,2.083333333333333,1.6851851851851851,0
France,Croatia,61,16,35,8,108,21,0.5737704918032787,0.5,1.7704918032786885,1.3125,1
Netherlands,Croatia,54,16,33,8,91,21,0.6111111111111112,0.5,1.6851851851851851,1.3125,0
Brazil,France,108,61,75,35,225,108,0.6944444444444444,0.5737704918032787,2.083333333333333,1.7704918032786885,0
France,Senegal,61,5,35,3,108,7,0.5737704918032787,0.6,1.7704918032786885,1.4,0
Uruguay,Denmark,52,16,25,9,80,27,0.4807692307692308,0.5625,1.5384615384615383,1.6875,0
"rn"">Republic of Ireland",Cameroon,13,23,5,9,10,18,0.3846153846153846,0.391304347826087,0.7692307692307693,0.782608695652174,0
Germany,Saudi Arabia,48,13,35,4,104,9,0.7291666666666666,0.3076923076923077,2.1666666666666665,0.6923076923076923,1
Argentina,Nigeria,81,19,54,6,133,20,0.6666666666666666,0.3157894736842105,1.6419753086419753,1.0526315789473684,1
Paraguay,South Africa,27,9,11,3,30,11,0.4074074074074074,0.3333333333333333,1.1111111111111112,1.2222222222222223,0
England,Sweden,62,46,35,22,79,74,0.5645161290322581,0.4782608695652174,1.2741935483870968,1.608695652173913,0
Spain,Slovenia,59,6,34,1,92,5,0.576271186440678,0.1666666666666666,1.5593220338983051,0.8333333333333334,1
Brazil,Turkey,108,10,75,6,225,20,0.6944444444444444,0.6,2.083333333333333,2.0,1
Italy,Ecuador,83,10,52,4,128,10,0.6265060240963856,0.4,1.5421686746987953,1.0,1
Croatia,Mexico,16,54,8,22,21,58,0.5,0.4074074074074074,1.3125,1.0740740740740742,0
China PR,Costa Rica,3,17,0,7,0,18,0.0,0.4117647058823529,0.0,1.0588235294117647,0
Japan,Belgium,17,43,5,21,14,54,0.2941176470588235,0.4883720930232558,0.8235294117647058,1.255813953488372,0
Korea Republic,Poland,31,31,11,18,31,44,0.3548387096774194,0.5806451612903226,1.0,1.4193548387096775,1
Russia,Tunisia,9,12,3,3,13,8,0.3333333333333333,0.25,1.4444444444444444,0.6666666666666666,1
USA,Portugal,34,26,12,16,38,43,0.3529411764705882,0.6153846153846154,1.1176470588235294,1.6538461538461535,1
Germany,"rn"">Republic of Ireland",48,13,35,5,104,10,0.7291666666666666,0.3846153846153846,2.1666666666666665,0.7692307692307693,0
Denmark,Senegal,16,5,9,3,27,7,0.5625,0.6,1.6875,1.4,0
Cameroon,Saudi Arabia,23,13,9,4,18,9,0.391304347826087,0.3076923076923077,0.782608695652174,0.6923076923076923,1
France,Uruguay,61,52,35,25,108,80,0.5737704918032787,0.4807692307692308,1.7704918032786885,1.5384615384615383,0
Sweden,Nigeria,46,19,22,6,74,20,0.4782608695652174,0.3157894736842105,1.608695652173913,1.0526315789473684,1
Argentina,England,81,62,54,35,133,79,0.6666666666666666,0.5645161290322581,1.6419753086419753,1.2741935483870968,0
Spain,Paraguay,59,27,34,11,92,30,0.576271186440678,0.4074074074074074,1.5593220338983051,1.1111111111111112,1
South Africa,Slovenia,9,6,3,1,11,5,0.3333333333333333,0.1666666666666666,1.2222222222222223,0.8333333333333334,1
Brazil,China PR,108,3,75,0,225,0,0.6944444444444444,0.0,2.083333333333333,0.0,1
Italy,Croatia,83,16,52,8,128,21,0.6265060240963856,0.5,1.5421686746987953,1.3125,0
Costa Rica,Turkey,17,10,7,6,18,20,0.4117647058823529,0.6,1.0588235294117647,2.0,0
Japan,Russia,17,9,5,3,14,13,0.2941176470588235,0.3333333333333333,0.8235294117647058,1.4444444444444444,1
Mexico,Ecuador,54,10,22,4,58,10,0.4074074074074074,0.4,1.0740740740740742,1.0,1
Korea Republic,USA,31,34,11,12,31,38,0.3548387096774194,0.3529411764705882,1.0,1.1176470588235294,0
Portugal,Poland,26,31,16,18,43,44,0.6153846153846154,0.5806451612903226,1.6538461538461535,1.4193548387096775,1
Tunisia,Belgium,12,43,3,21,8,54,0.25,0.4883720930232558,0.6666666666666666,1.255813953488372,0
Denmark,France,16,61,9,35,27,108,0.5625,0.5737704918032787,1.6875,1.7704918032786885,1
Senegal,Uruguay,5,52,3,25,7,80,0.6,0.4807692307692308,1.4,1.5384615384615383,0
Saudi Arabia,"rn"">Republic of Ireland",13,13,4,5,9,10,0.3076923076923077,0.3846153846153846,0.6923076923076923,0.7692307692307693,0
Cameroon,Germany,23,48,9,35,18,104,0.391304347826087,0.7291666666666666,0.782608695652174,2.1666666666666665,0
Sweden,Argentina,46,81,22,54,74,133,0.4782608695652174,0.6666666666666666,1.608695652173913,1.6419753086419753,0
Nigeria,England,19,62,6,35,20,79,0.3157894736842105,0.5645161290322581,1.0526315789473684,1.2741935483870968,0
Slovenia,Paraguay,6,27,1,11,5,30,0.1666666666666666,0.4074074074074074,0.8333333333333334,1.1111111111111112,0
South Africa,Spain,9,59,3,34,11,92,0.3333333333333333,0.576271186440678,1.2222222222222223,1.5593220338983051,0
Costa Rica,Brazil,17,108,7,75,18,225,0.4117647058823529,0.6944444444444444,1.0588235294117647,2.083333333333333,0
Turkey,China PR,10,3,6,0,20,0,0.6,0.0,2.0,0.0,1
Ecuador,Croatia,10,16,4,8,10,21,0.4,0.5,1.0,1.3125,1
Mexico,Italy,54,83,22,52,58,128,0.4074074074074074,0.6265060240963856,1.0740740740740742,1.5421686746987953,0
Tunisia,Japan,12,17,3,5,8,14,0.25,0.2941176470588235,0.6666666666666666,0.8235294117647058,0
Portugal,Korea Republic,26,31,16,11,43,31,0.6153846153846154,0.3548387096774194,1.6538461538461535,1.0,0
Poland,USA,31,34,18,12,44,38,0.5806451612903226,0.3529411764705882,1.4193548387096775,1.1176470588235294,1
Belgium,Russia,43,9,21,3,54,13,0.4883720930232558,0.3333333333333333,1.255813953488372,1.4444444444444444,1
Denmark,England,16,62,9,35,27,79,0.5625,0.5645161290322581,1.6875,1.2741935483870968,0
Germany,Paraguay,48,27,35,11,104,30,0.7291666666666666,0.4074074074074074,2.1666666666666665,1.1111111111111112,1
Spain,"rn"">Republic of Ireland",59,13,34,5,92,10,0.576271186440678,0.3846153846153846,1.5593220338983051,0.7692307692307693,0
Sweden,Senegal,46,5,22,3,74,7,0.4782608695652174,0.6,1.608695652173913,1.4,0
Brazil,Belgium,108,43,75,21,225,54,0.6944444444444444,0.4883720930232558,2.083333333333333,1.255813953488372,1
Mexico,USA,54,34,22,12,58,38,0.4074074074074074,0.3529411764705882,1.0740740740740742,1.1176470588235294,0
Japan,Turkey,17,10,5,6,14,20,0.2941176470588235,0.6,0.8235294117647058,2.0,0
Korea Republic,Italy,31,83,11,52,31,128,0.3548387096774194,0.6265060240963856,1.0,1.5421686746987953,1
England,Brazil,62,108,35,75,79,225,0.5645161290322581,0.6944444444444444,1.2741935483870968,2.083333333333333,0
Germany,USA,48,34,35,12,104,38,0.7291666666666666,0.3529411764705882,2.1666666666666665,1.1176470588235294,1
Senegal,Turkey,5,10,3,6,7,20,0.6,0.6,1.4,2.0,0
Spain,Korea Republic,59,31,34,11,92,31,0.576271186440678,0.3548387096774194,1.5593220338983051,1.0,0
Germany,Korea Republic,48,31,35,11,104,31,0.7291666666666666,0.3548387096774194,2.1666666666666665,1.0,1
Brazil,Turkey,108,10,75,6,225,20,0.6944444444444444,0.6,2.083333333333333,2.0,1
Korea Republic,Turkey,31,10,11,6,31,20,0.3548387096774194,0.6,1.0,2.0,0
Germany,Brazil,48,108,35,75,104,225,0.7291666666666666,0.6944444444444444,2.1666666666666665,2.083333333333333,0
Germany,Costa Rica,48,17,35,7,104,18,0.7291666666666666,0.4117647058823529,2.1666666666666665,1.0588235294117647,1
Poland,Ecuador,31,10,18,4,44,10,0.5806451612903226,0.4,1.4193548387096775,1.0,0
England,Paraguay,62,27,35,11,79,30,0.5645161290322581,0.4074074074074074,1.2741935483870968,1.1111111111111112,1
"rn"">Trinidad and Tobago",Sweden,3,46,0,22,0,74,0.0,0.4782608695652174,0.0,1.608695652173913,0
"rn"">Serbia and Montenegro",Netherlands,3,54,0,33,2,91,0.0,0.6111111111111112,0.6666666666666666,1.6851851851851851,0
Mexico,Iran,54,6,22,1,58,5,0.4074074074074074,0.1666666666666666,1.0740740740740742,0.8333333333333334,1
Angola,Portugal,3,26,2,16,1,43,0.6666666666666666,0.6153846153846154,0.3333333333333333,1.6538461538461535,0
Australia,Japan,13,17,4,5,11,14,0.3076923076923077,0.2941176470588235,0.8461538461538461,0.8235294117647058,1
USA,Czech Republic,34,3,12,1,38,3,0.3529411764705882,0.3333333333333333,1.1176470588235294,1.0,0
Korea Republic,Togo,31,3,11,0,31,1,0.3548387096774194,0.0,1.0,0.3333333333333333,1
France,Switzerland,61,34,35,14,108,45,0.5737704918032787,0.4117647058823529,1.7704918032786885,1.3235294117647058,0
Brazil,Croatia,108,16,75,8,225,21,0.6944444444444444,0.5,2.083333333333333,1.3125,1
Tunisia,Saudi Arabia,12,13,3,4,8,9,0.25,0.3076923076923077,0.6666666666666666,0.6923076923076923,0
Germany,Poland,48,31,35,18,104,44,0.7291666666666666,0.5806451612903226,2.1666666666666665,1.4193548387096775,1
Ecuador,Costa Rica,10,17,4,7,10,18,0.4,0.4117647058823529,1.0,1.0588235294117647,1
England,"rn"">Trinidad and Tobago",62,3,35,0,79,0,0.5645161290322581,0.0,1.2741935483870968,0.0,1
Sweden,Paraguay,46,27,22,11,74,30,0.4782608695652174,0.4074074074074074,1.608695652173913,1.1111111111111112,1
Argentina,"rn"">Serbia and Montenegro",81,3,54,0,133,2,0.6666666666666666,0.0,1.6419753086419753,0.6666666666666666,1
Mexico,Angola,54,3,22,2,58,1,0.4074074074074074,0.6666666666666666,1.0740740740740742,0.3333333333333333,0
Italy,USA,83,34,52,12,128,38,0.6265060240963856,0.3529411764705882,1.5421686746987953,1.1176470588235294,0
Japan,Croatia,17,16,5,8,14,21,0.2941176470588235,0.5,0.8235294117647058,1.3125,0
Brazil,Australia,108,13,75,4,225,11,0.6944444444444444,0.3076923076923077,2.083333333333333,0.8461538461538461,1
France,Korea Republic,61,31,35,11,108,31,0.5737704918032787,0.3548387096774194,1.7704918032786885,1.0,0
Togo,Switzerland,3,34,0,14,1,45,0.0,0.4117647058823529,0.3333333333333333,1.3235294117647058,0
Spain,Tunisia,59,12,34,3,92,8,0.576271186440678,0.25,1.5593220338983051,0.6666666666666666,1
Ecuador,Germany,10,48,4,35,10,104,0.4,0.7291666666666666,1.0,2.1666666666666665,0
Costa Rica,Poland,17,31,7,18,18,44,0.4117647058823529,0.5806451612903226,1.0588235294117647,1.4193548387096775,0
Sweden,England,46,62,22,35,74,79,0.4782608695652174,0.5645161290322581,1.608695652173913,1.2741935483870968,0
Paraguay,"rn"">Trinidad and Tobago",27,3,11,0,30,0,0.4074074074074074,0.0,1.1111111111111112,0.0,1
Iran,Angola,6,3,1,2,5,1,0.1666666666666666,0.6666666666666666,0.8333333333333334,0.3333333333333333,0
Portugal,Mexico,26,54,16,22,43,58,0.6153846153846154,0.4074074074074074,1.6538461538461535,1.0740740740740742,1
Netherlands,Argentina,54,81,33,54,91,133,0.6111111111111112,0.6666666666666666,1.6851851851851851,1.6419753086419753,0
Czech Republic,Italy,3,83,1,52,3,128,0.3333333333333333,0.6265060240963856,1.0,1.5421686746987953,0
Japan,Brazil,17,108,5,75,14,225,0.2941176470588235,0.6944444444444444,0.8235294117647058,2.083333333333333,0
Croatia,Australia,16,13,8,4,21,11,0.5,0.3076923076923077,1.3125,0.8461538461538461,0
Saudi Arabia,Spain,13,59,4,34,9,92,0.3076923076923077,0.576271186440678,0.6923076923076923,1.5593220338983051,0
Togo,France,3,61,0,35,1,108,0.0,0.5737704918032787,0.3333333333333333,1.7704918032786885,0
Switzerland,Korea Republic,34,31,14,11,45,31,0.4117647058823529,0.3548387096774194,1.3235294117647058,1.0,1
Germany,Sweden,48,46,35,22,104,74,0.7291666666666666,0.4782608695652174,2.1666666666666665,1.608695652173913,1
Argentina,Mexico,81,54,54,22,133,58,0.6666666666666666,0.4074074074074074,1.6419753086419753,1.0740740740740742,1
England,Ecuador,62,10,35,4,79,10,0.5645161290322581,0.4,1.2741935483870968,1.0,1
Portugal,Netherlands,26,54,16,33,43,91,0.6153846153846154,0.6111111111111112,1.6538461538461535,1.6851851851851851,1
Italy,Australia,83,13,52,4,128,11,0.6265060240963856,0.3076923076923077,1.5421686746987953,0.8461538461538461,1
Spain,France,59,61,34,35,92,108,0.576271186440678,0.5737704918032787,1.5593220338983051,1.7704918032786885,0
Germany,Argentina,48,81,35,54,104,133,0.7291666666666666,0.6666666666666666,2.1666666666666665,1.6419753086419753,0
England,Portugal,62,26,35,16,79,43,0.5645161290322581,0.6153846153846154,1.2741935483870968,1.6538461538461535,0
Brazil,France,108,61,75,35,225,108,0.6944444444444444,0.5737704918032787,2.083333333333333,1.7704918032786885,0
Germany,Italy,48,83,35,52,104,128,0.7291666666666666,0.6265060240963856,2.1666666666666665,1.5421686746987953,0
Portugal,France,26,61,16,35,43,108,0.6153846153846154,0.5737704918032787,1.6538461538461535,1.7704918032786885,0
Germany,Portugal,48,26,35,16,104,43,0.7291666666666666,0.6153846153846154,2.1666666666666665,1.6538461538461535,1
Italy,France,83,61,52,35,128,108,0.6265060240963856,0.5737704918032787,1.5421686746987953,1.7704918032786885,0
South Africa,Mexico,9,54,3,22,11,58,0.3333333333333333,0.4074074074074074,1.2222222222222223,1.0740740740740742,0
Uruguay,France,52,61,25,35,80,108,0.4807692307692308,0.5737704918032787,1.5384615384615383,1.7704918032786885,0
Korea Republic,Greece,31,11,11,5,31,6,0.3548387096774194,0.4545454545454545,1.0,0.5454545454545454,1
Argentina,Nigeria,81,19,54,6,133,20,0.6666666666666666,0.3157894736842105,1.6419753086419753,1.0526315789473684,1
England,USA,62,34,35,12,79,38,0.5645161290322581,0.3529411764705882,1.2741935483870968,1.1176470588235294,0
Algeria,Slovenia,14,6,4,1,14,5,0.2857142857142857,0.1666666666666666,1.0,0.8333333333333334,0
Germany,Australia,48,13,35,4,104,11,0.7291666666666666,0.3076923076923077,2.1666666666666665,0.8461538461538461,1
Netherlands,Denmark,54,16,33,9,91,27,0.6111111111111112,0.5625,1.6851851851851851,1.6875,1
Japan,Cameroon,17,23,5,9,14,18,0.2941176470588235,0.391304347826087,0.8235294117647058,0.782608695652174,1
Italy,Paraguay,83,27,52,11,128,30,0.6265060240963856,0.4074074074074074,1.5421686746987953,1.1111111111111112,0
Brazil,Korea DPR,108,7,75,1,225,6,0.6944444444444444,0.1428571428571428,2.083333333333333,0.8571428571428571,1
Honduras,Chile,9,34,2,16,3,41,0.2222222222222222,0.4705882352941176,0.3333333333333333,1.2058823529411764,0
Spain,Switzerland,59,34,34,14,92,45,0.576271186440678,0.4117647058823529,1.5593220338983051,1.3235294117647058,0
South Africa,Uruguay,9,52,3,25,11,80,0.3333333333333333,0.4807692307692308,1.2222222222222223,1.5384615384615383,0
Argentina,Korea Republic,81,31,54,11,133,31,0.6666666666666666,0.3548387096774194,1.6419753086419753,1.0,1
Greece,Nigeria,11,19,5,6,6,20,0.4545454545454545,0.3157894736842105,0.5454545454545454,1.0526315789473684,1
France,Mexico,61,54,35,22,108,58,0.5737704918032787,0.4074074074074074,1.7704918032786885,1.0740740740740742,0
Slovenia,USA,6,34,1,12,5,38,0.1666666666666666,0.3529411764705882,0.8333333333333334,1.1176470588235294,0
England,Algeria,62,14,35,4,79,14,0.5645161290322581,0.2857142857142857,1.2741935483870968,1.0,0
Netherlands,Japan,54,17,33,5,91,14,0.6111111111111112,0.2941176470588235,1.6851851851851851,0.8235294117647058,1
Cameroon,Denmark,23,16,9,9,18,27,0.391304347826087,0.5625,0.782608695652174,1.6875,0
Portugal,Korea DPR,26,7,16,1,43,6,0.6153846153846154,0.1428571428571428,1.6538461538461535,0.8571428571428571,1
Chile,Switzerland,34,34,16,14,41,45,0.4705882352941176,0.4117647058823529,1.2058823529411764,1.3235294117647058,1
Spain,Honduras,59,9,34,2,92,3,0.576271186440678,0.2222222222222222,1.5593220338983051,0.3333333333333333,1
Mexico,Uruguay,54,52,22,25,58,80,0.4074074074074074,0.4807692307692308,1.0740740740740742,1.5384615384615383,0
France,South Africa,61,9,35,3,108,11,0.5737704918032787,0.3333333333333333,1.7704918032786885,1.2222222222222223,0
Nigeria,Korea Republic,19,31,6,11,20,31,0.3157894736842105,0.3548387096774194,1.0526315789473684,1.0,0
Greece,Argentina,11,81,5,54,6,133,0.4545454545454545,0.6666666666666666,0.5454545454545454,1.6419753086419753,0
Slovenia,England,6,62,1,35,5,79,0.1666666666666666,0.5645161290322581,0.8333333333333334,1.2741935483870968,0
USA,Algeria,34,14,12,4,38,14,0.3529411764705882,0.2857142857142857,1.1176470588235294,1.0,1
Denmark,Japan,16,17,9,5,27,14,0.5625,0.2941176470588235,1.6875,0.8235294117647058,0
Cameroon,Netherlands,23,54,9,33,18,91,0.391304347826087,0.6111111111111112,0.782608695652174,1.6851851851851851,0
Portugal,Brazil,26,108,16,75,43,225,0.6153846153846154,0.6944444444444444,1.6538461538461535,2.083333333333333,0
Chile,Spain,34,59,16,34,41,92,0.4705882352941176,0.576271186440678,1.2058823529411764,1.5593220338983051,0
Switzerland,Honduras,34,9,14,2,45,3,0.4117647058823529,0.2222222222222222,1.3235294117647058,0.3333333333333333,0
Uruguay,Korea Republic,52,31,25,11,80,31,0.4807692307692308,0.3548387096774194,1.5384615384615383,1.0,1
Germany,England,48,62,35,35,104,79,0.7291666666666666,0.5645161290322581,2.1666666666666665,1.2741935483870968,1
Argentina,Mexico,81,54,54,22,133,58,0.6666666666666666,0.4074074074074074,1.6419753086419753,1.0740740740740742,1
Brazil,Chile,108,34,75,16,225,41,0.6944444444444444,0.4705882352941176,2.083333333333333,1.2058823529411764,1
Paraguay,Japan,27,17,11,5,30,14,0.4074074074074074,0.2941176470588235,1.1111111111111112,0.8235294117647058,0
Spain,Portugal,59,26,34,16,92,43,0.576271186440678,0.6153846153846154,1.5593220338983051,1.6538461538461535,1
Netherlands,Brazil,54,108,33,75,91,225,0.6111111111111112,0.6944444444444444,1.6851851851851851,2.083333333333333,1
Argentina,Germany,81,48,54,35,133,104,0.6666666666666666,0.7291666666666666,1.6419753086419753,2.1666666666666665,0
Paraguay,Spain,27,59,11,34,30,92,0.4074074074074074,0.576271186440678,1.1111111111111112,1.5593220338983051,0
Uruguay,Netherlands,52,54,25,33,80,91,0.4807692307692308,0.6111111111111112,1.5384615384615383,1.6851851851851851,0
Germany,Spain,48,59,35,34,104,92,0.7291666666666666,0.576271186440678,2.1666666666666665,1.5593220338983051,0
Uruguay,Germany,52,48,25,35,80,104,0.4807692307692308,0.7291666666666666,1.5384615384615383,2.1666666666666665,0
Netherlands,Spain,54,59,33,34,91,92,0.6111111111111112,0.576271186440678,1.6851851851851851,1.5593220338983051,0
Brazil,Croatia,108,16,75,8,225,21,0.6944444444444444,0.5,2.083333333333333,1.3125,1
Mexico,Cameroon,54,23,22,9,58,18,0.4074074074074074,0.391304347826087,1.0740740740740742,0.782608695652174,1
Spain,Netherlands,59,54,34,33,92,91,0.576271186440678,0.6111111111111112,1.5593220338983051,1.6851851851851851,0
Chile,Australia,34,13,16,4,41,11,0.4705882352941176,0.3076923076923077,1.2058823529411764,0.8461538461538461,1
Colombia,Greece,20,11,10,5,29,6,0.5,0.4545454545454545,1.45,0.5454545454545454,1
Uruguay,Costa Rica,52,17,25,7,80,18,0.4807692307692308,0.4117647058823529,1.5384615384615383,1.0588235294117647,0
England,Italy,62,83,35,52,79,128,0.5645161290322581,0.6265060240963856,1.2741935483870968,1.5421686746987953,0
Switzerland,Ecuador,34,10,14,4,45,10,0.4117647058823529,0.4,1.3235294117647058,1.0,1
France,Honduras,61,9,35,2,108,3,0.5737704918032787,0.2222222222222222,1.7704918032786885,0.3333333333333333,1
Germany,Portugal,48,26,35,16,104,43,0.7291666666666666,0.6153846153846154,2.1666666666666665,1.6538461538461535,1
Belgium,Algeria,43,14,21,4,54,14,0.4883720930232558,0.2857142857142857,1.255813953488372,1.0,1
Brazil,Mexico,108,54,75,22,225,58,0.6944444444444444,0.4074074074074074,2.083333333333333,1.0740740740740742,0
Russia,Korea Republic,9,31,3,11,13,31,0.3333333333333333,0.3548387096774194,1.4444444444444444,1.0,0
Australia,Netherlands,13,54,4,33,11,91,0.3076923076923077,0.6111111111111112,0.8461538461538461,1.6851851851851851,0
Spain,Chile,59,34,34,16,92,41,0.576271186440678,0.4705882352941176,1.5593220338983051,1.2058823529411764,0
Cameroon,Croatia,23,16,9,8,18,21,0.391304347826087,0.5,0.782608695652174,1.3125,0
Uruguay,England,52,62,25,35,80,79,0.4807692307692308,0.5645161290322581,1.5384615384615383,1.2741935483870968,1
Japan,Greece,17,11,5,5,14,6,0.2941176470588235,0.4545454545454545,0.8235294117647058,0.5454545454545454,0
Italy,Costa Rica,83,17,52,7,128,18,0.6265060240963856,0.4117647058823529,1.5421686746987953,1.0588235294117647,0
Switzerland,France,34,61,14,35,45,108,0.4117647058823529,0.5737704918032787,1.3235294117647058,1.7704918032786885,0
Honduras,Ecuador,9,10,2,4,3,10,0.2222222222222222,0.4,0.3333333333333333,1.0,0
Belgium,Russia,43,9,21,3,54,13,0.4883720930232558,0.3333333333333333,1.255813953488372,1.4444444444444444,1
Korea Republic,Algeria,31,14,11,4,31,14,0.3548387096774194,0.2857142857142857,1.0,1.0,0
USA,Portugal,34,26,12,16,38,43,0.3529411764705882,0.6153846153846154,1.1176470588235294,1.6538461538461535,0
Australia,Spain,13,59,4,34,11,92,0.3076923076923077,0.576271186440678,0.8461538461538461,1.5593220338983051,0
Netherlands,Chile,54,34,33,16,91,41,0.6111111111111112,0.4705882352941176,1.6851851851851851,1.2058823529411764,1
Cameroon,Brazil,23,108,9,75,18,225,0.391304347826087,0.6944444444444444,0.782608695652174,2.083333333333333,0
Croatia,Mexico,16,54,8,22,21,58,0.5,0.4074074074074074,1.3125,1.0740740740740742,0
Italy,Uruguay,83,52,52,25,128,80,0.6265060240963856,0.4807692307692308,1.5421686746987953,1.5384615384615383,0
Costa Rica,England,17,62,7,35,18,79,0.4117647058823529,0.5645161290322581,1.0588235294117647,1.2741935483870968,0
Japan,Colombia,17,20,5,10,14,29,0.2941176470588235,0.5,0.8235294117647058,1.45,0
Nigeria,Argentina,19,81,6,54,20,133,0.3157894736842105,0.6666666666666666,1.0526315789473684,1.6419753086419753,0
Honduras,Switzerland,9,34,2,14,3,45,0.2222222222222222,0.4117647058823529,0.3333333333333333,1.3235294117647058,0
Ecuador,France,10,61,4,35,10,108,0.4,0.5737704918032787,1.0,1.7704918032786885,0
USA,Germany,34,48,12,35,38,104,0.3529411764705882,0.7291666666666666,1.1176470588235294,2.1666666666666665,0
Korea Republic,Belgium,31,43,11,21,31,54,0.3548387096774194,0.4883720930232558,1.0,1.255813953488372,0
Algeria,Russia,14,9,4,3,14,13,0.2857142857142857,0.3333333333333333,1.0,1.4444444444444444,0
Brazil,Chile,108,34,75,16,225,41,0.6944444444444444,0.4705882352941176,2.083333333333333,1.2058823529411764,0
Colombia,Uruguay,20,52,10,25,29,80,0.5,0.4807692307692308,1.45,1.5384615384615383,1
France,Nigeria,61,19,35,6,108,20,0.5737704918032787,0.3157894736842105,1.7704918032786885,1.0526315789473684,1
Germany,Algeria,48,14,35,4,104,14,0.7291666666666666,0.2857142857142857,2.1666666666666665,1.0,1
Brazil,Colombia,108,20,75,10,225,29,0.6944444444444444,0.5,2.083333333333333,1.45,1
France,Germany,61,48,35,35,108,104,0.5737704918032787,0.7291666666666666,1.7704918032786885,2.1666666666666665,0
Brazil,Germany,108,48,75,35,225,104,0.6944444444444444,0.7291666666666666,2.083333333333333,2.1666666666666665,0
Brazil,Netherlands,108,54,75,33,225,91,0.6944444444444444,0.6111111111111112,2.083333333333333,1.6851851851851851,0
Germany,Argentina,48,81,35,54,104,133,0.7291666666666666,0.6666666666666666,2.1666666666666665,1.6419753086419753,1
Netherlands,Argentina,54,81,33,54,91,133,0.6111111111111112,0.6666666666666666,1.6851851851851851,1.6419753086419753,0
Netherlands,Costa Rica,54,17,33,7,91,18,0.6111111111111112,0.4117647058823529,1.6851851851851851,1.0588235294117647,0
Argentina,Belgium,81,43,54,21,133,54,0.6666666666666666,0.4883720930232558,1.6419753086419753,1.255813953488372,1
Netherlands,Mexico,54,54,33,22,91,58,0.6111111111111112,0.4074074074074074,1.6851851851851851,1.0740740740740742,1
Costa Rica,Greece,17,11,7,5,18,6,0.4117647058823529,0.4545454545454545,1.0588235294117647,0.5454545454545454,0
Argentina,Switzerland,81,34,54,14,133,45,0.6666666666666666,0.4117647058823529,1.6419753086419753,1.3235294117647058,1
Belgium,USA,43,34,21,12,54,38,0.4883720930232558,0.3529411764705882,1.255813953488372,1.1176470588235294,1
Brazil,Chile,108,34,75,16,225,41,0.6944444444444444,0.4705882352941176,2.083333333333333,1.2058823529411764,0
Colombia,Uruguay,20,52,10,25,29,80,0.5,0.4807692307692308,1.45,1.5384615384615383,1
Netherlands,Mexico,54,54,33,22,91,58,0.6111111111111112,0.4074074074074074,1.6851851851851851,1.0740740740740742,1
Costa Rica,Greece,17,11,7,5,18,6,0.4117647058823529,0.4545454545454545,1.0588235294117647,0.5454545454545454,0
France,Nigeria,61,19,35,6,108,20,0.5737704918032787,0.3157894736842105,1.7704918032786885,1.0526315789473684,1
Germany,Algeria,48,14,35,4,104,14,0.7291666666666666,0.2857142857142857,2.1666666666666665,1.0,1
Argentina,Switzerland,81,34,54,14,133,45,0.6666666666666666,0.4117647058823529,1.6419753086419753,1.3235294117647058,1
Belgium,USA,43,34,21,12,54,38,0.4883720930232558,0.3529411764705882,1.255813953488372,1.1176470588235294,1
France,Germany,61,48,35,35,108,104,0.5737704918032787,0.7291666666666666,1.7704918032786885,2.1666666666666665,0
Brazil,Colombia,108,20,75,10,225,29,0.6944444444444444,0.5,2.083333333333333,1.45,1
Argentina,Belgium,81,43,54,21,133,54,0.6666666666666666,0.4883720930232558,1.6419753086419753,1.255813953488372,1
Netherlands,Costa Rica,54,17,33,7,91,18,0.6111111111111112,0.4117647058823529,1.6851851851851851,1.0588235294117647,0
Brazil,Germany,108,48,75,35,225,104,0.6944444444444444,0.7291666666666666,2.083333333333333,2.1666666666666665,0
Netherlands,Argentina,54,81,33,54,91,133,0.6111111111111112,0.6666666666666666,1.6851851851851851,1.6419753086419753,0
Brazil,Netherlands,108,54,75,33,225,91,0.6944444444444444,0.6111111111111112,2.083333333333333,1.6851851851851851,0
Germany,Argentina,48,81,35,54,104,133,0.7291666666666666,0.6666666666666666,2.1666666666666665,1.6419753086419753,1
